0.64,0.12,1.4350845252893227,0.68,0.06,-2.4079456086518722,4.127823705620842,0.4244409108944945
0.65,0.22,1.4678743481123135,0.18,0.12,-0.10536051565782628,4.726339874868112,0.8470234558820507
0.04,0.69,-0.8209805520698302,0.78,0.08,1.0296194171811581,-0.1300816074624258,1.008863361752552
0.44,0.29,1.410986973710262,0.44,0.12,0.1906203596086497,3.5513338812576136,1.9922808062124409
0.51,0.11,1.599387576580599,0.7,0.07,-0.9675840262617056,3.646672932054647,1.7043945280866262
0.77,0.06,-0.3856624808119846,0.93,0.03,1.1755733298042381,-1.8138359542551021,-0.5271034911856177
0.01,0.14,1.5871923034867805,0.69,0.06,1.355835153635182,2.016519793909768,2.922589084357675
0.11,0.78,0.7884573603642703,0.11,0.03,-0.35667494393873245,0.62585183437098,-0.2967331890943131
0.07,0.42,1.5129270120532565,0.19,0.1,1.5851452198650557,2.677488448955947,2.326519833333242
0.39,0.35,0.28517894223366247,0.95,0.02,1.5623463049002497,3.1145720837419977,4.613458947314281
0.15,0.8,0.29266961396282004,0.25,0.63,-0.020202707317519466,0.8044230325730986,0.4888893089132885
0.33,0.54,0.34358970439007686,0.73,0.09,0.131028262406404,1.7791860127269652,1.5712454109418763
0.76,0.02,1.463255402256019,0.84,0.16,1.0612565021243408,6.76601544087771,8.02941603423216
0.1,0.27,0.9516578757114463,0.37,0.36,0.8878912573524571,1.7827974046773598,2.418006559202661
0.01,0.08,0.26236426446749106,0.93,0.06,0.5933268452777344,0.34348052311637617,0.9710248504554462
0.0,1.0,0.4252677354043441,0.68,0.11,0.23901690047049992,2.94048893583577,2.5152237088862806
0.31,0.33,1.547562508716013,0.51,0.16,0.34358970439007686,3.436266362119691,2.4953397313772596
0.45,0.22,0.5822156198526637,0.62,0.25,-0.8675005677047231,0.8902549447842457,-0.4207305895869492
0.72,0.1,1.1786549963416462,0.99,0.0,0.6418538861723947,6.866521301437753,7.43970997459577
0.21,0.43,-1.2729656758128873,0.3,0.36,0.1570037488096647,-1.9838334323545679,-0.6845326200502607
0.22,0.23,1.3937663759585917,0.18,0.38,-0.21072103131565253,1.8445632948648842,0.1956399270491003
0.05,0.26,1.5851452198650557,0.5,0.12,-3.2188758248682006,0.79040556720439,-3.2087166158535987
0.05,0.63,1.247032293786383,0.92,0.01,-1.8971199848858813,0.10919930639102515,-1.8148041720299
0.6,0.09,1.0647107369924282,0.39,0.54,-1.2378743560016174,2.54100541500091,-0.5367113182578995
0.41,0.04,0.9631743177730056,0.55,0.39,1.1085626195212777,1.8700162613806774,3.503394480969656
0.61,0.21,1.000631880307906,0.29,0.55,0.8878912573524571,5.556207827166236,5.55375872536162
0.46,0.18,-0.3011050927839216,0.52,0.0,1.2892326482767593,-0.15470389048545774,1.2087866252243213
0.5,0.21,1.297463147413275,0.8,0.09,0.28517894223366247,4.322573764193931,4.113448248496367
0.1,0.43,1.199964782928397,0.67,0.32,0.08617769624105241,2.633623752685578,2.7216242113773097
0.25,0.57,1.0402767116551463,0.11,0.52,0.5766133643039938,2.7850685137867517,1.8395204500142448
0.09,0.7,1.410986973710262,0.42,0.16,1.5623463049002497,4.844539247839541,4.2822056528432855
0.5,0.1,0.8919980393051105,0.89,0.08,1.085189268335969,2.504464767410285,3.602350880456548
0.72,0.23,1.556037135706985,0.08,0.73,-0.7550225842780328,4.308993301481456,-1.5196431442516884
0.59,0.15,0.8064758658669485,0.55,0.19,0.412109650826833,2.86482490200902,2.4540283436877197
0.03,0.91,0.4054651081081644,0.59,0.04,1.2725655957915476,3.924120080072246,3.7372879332223676
0.31,0.06,0.22314355131420976,0.55,0.4,0.7654678421395714,0.4719503406043006,1.7083947559540436
0.64,0.24,0.9932517730102834,0.36,0.16,0.5538851132264376,4.478071062892297,2.578560275892404
0.34,0.62,1.5686159179138452,0.53,0.24,-2.5257286443082556,-2.15791375593355,-4.828029109313511
0.22,0.54,0.5187937934151675,0.03,0.02,-0.07257069283483537,0.6271403088450765,-0.05485356430334516
0.59,0.09,0.412109650826833,0.19,0.47,1.430311246536665,1.7339899063689368,3.3203173082969406
0.76,0.02,0.3148107398400336,0.27,0.16,1.5665304114228238,1.507462367462953,2.3494578749626496
0.66,0.12,0.4762341789963717,0.65,0.03,-0.09431067947124129,1.789606719419078,1.1019932925696425
0.63,0.13,0.6678293725756554,0.76,0.12,-1.9661128563728327,1.464213430265301,-0.969673317748927
0.08,0.36,1.5665304114228238,0.26,0.12,0.9400072584914712,2.3979729325793766,1.776681864857977
0.36,0.21,1.0331844833456545,0.1,0.62,1.1568811967920856,2.8602825085754544,3.797128077144938
0.32,0.14,1.5953389880545987,0.7,0.13,1.3762440252663892,3.2022261010042214,4.158393345207772
0.66,0.14,1.0577902941478545,0.76,0.0,1.0784095813505903,5.174517919880779,5.011043200459983
0.66,0.0,1.5623463049002497,0.52,0.04,1.144222799920162,4.595134725739911,3.680930042284199
0.06,0.42,1.2412685890696329,0.68,0.08,1.3532545070416904,2.952923429421812,3.653524256907818
0.39,0.02,-0.2231435513142097,0.7,0.3,1.5602476682433286,-0.30265364906348247,1.9262689148014172
0.21,0.25,1.5325568680981427,0.39,0.36,0.6312717768418578,2.790132843105092,2.6865975794492365
0.4,0.33,1.506297153514587,0.41,0.43,1.275362800412609,6.189932569125886,6.68988618114891
0.61,0.28,1.0188473201992472,0.07,0.29,0.6981347220709843,3.57115591213259,1.3353740350499104
0.5,0.02,-0.13926206733350766,0.09,0.12,-0.5978370007556204,-0.30686585878445666,-0.7107428243258239
0.72,0.16,0.8415671856782185,0.63,0.2,-2.995732273553991,1.5740602932195649,-2.5050964547638506
0.23,0.61,0.5306282510621704,0.76,0.15,1.2267122912954254,6.282495919547912,7.060481391549107
0.4,0.15,-0.21072103131565253,0.97,0.02,-0.11653381625595151,-0.5061142762561931,-0.6198607251212668
0.5,0.27,0.08617769624105241,0.89,0.08,1.5644405465033646,2.2834830591640576,3.9095003676047972
0.27,0.53,0.9969486348916096,0.15,0.08,1.47932922708708,2.8732242818760936,2.076426977864934
0.24,0.45,1.4279160358107101,0.08,0.8,0.5933268452777344,4.763621244227757,4.872080884718793
0.89,0.01,-0.040821994520255166,0.31,0.69,1.007957920399979,-0.0830998971000145,3.1683685891542166
0.57,0.12,0.6780335427498971,0.66,0.32,1.4036429994545037,2.9526253139151644,4.929964007246396
0.14,0.74,1.144222799920162,0.13,0.62,-0.6348782724359695,-0.1515677821786399,-1.722475639761273
0.26,0.56,1.1085626195212777,1.0,0.0,-0.31471074483970024,5.179579725749672,4.864868980909972
0.89,0.03,-0.18632957819149348,0.16,0.35,0.30010459245033816,-1.678959822360528,0.048446926101141215
0.4,0.56,1.0543120297715298,0.45,0.04,-0.10536051565782628,2.9417759137330686,1.2692068531773406
0.5,0.35,-0.7339691750802004,0.6,0.36,1.0543120297715298,-0.9159614640536938,0.788627633421855
0.1,0.32,-0.7550225842780328,0.45,0.48,1.0367368849500223,-0.18784085443937648,1.8311583433683596
0.06,0.3,1.3137236682850553,0.92,0.0,0.9321640810304452,2.3996572153097127,3.1398487191153808
0.4,0.07,1.6074359097634274,0.23,0.56,1.3001916620664788,3.2201901244909203,4.6382614181477555
0.77,0.03,1.430311246536665,0.39,0.41,0.3148107398400336,6.881676739153497,5.082482439149177
0.2,0.15,-1.2378743560016174,0.74,0.23,0.37843643572024505,-1.774932262581424,-1.2142345623404347
0.26,0.39,0.6523251860396901,0.65,0.19,0.9669838461896731,2.6178253714847393,3.2945307837530677
0.14,0.52,1.4539530095937054,0.87,0.1,-0.01005033585350145,4.052646259504162,3.9063909251809688
0.84,0.08,0.6931471805599453,0.09,0.3,0.09531017980432493,4.702551238214525,0.7407710835175587
0.64,0.04,1.3110318766193438,0.82,0.14,-2.995732273553991,3.6403784535404093,-0.012351483119027321
0.54,0.1,1.247032293786383,0.09,0.58,0.5007752879124892,3.115255966344717,1.859873024378072
0.13,0.35,1.252762968495368,0.03,0.82,1.075002423028976,4.118741566195143,6.658692112782099
0.16,0.05,1.4951487660319727,0.69,0.22,0.7466879474879751,1.9390206302248982,2.672578753519088
0.73,0.13,0.02955880224154443,0.24,0.54,1.366091653802371,2.0557869814712673,4.0423474835264654
0.81,0.17,1.3270750014599193,0.04,0.18,-1.2729656758128873,5.8509877213023245,-1.2669831332136894
0.44,0.05,1.0296194171811581,0.57,0.24,-0.342490308946776,1.9274339873670274,0.9949283709933092
0.19,0.78,0.03922071315328133,0.36,0.03,1.2864740258376797,2.06276722950798,2.0918249125861914
0.15,0.66,0.0,0.53,0.19,-0.342490308946776,-0.6672177912339828,-0.8593858938225837
0.47,0.52,1.5789787049493917,0.0,0.58,1.4906543764441336,6.461416433305905,3.549177054658852
0.1,0.35,0.17395330712343798,0.95,0.02,1.5151272329628591,1.2752814728017037,2.782290368000701
0.21,0.46,0.7654678421395714,0.13,0.27,0.688134638736401,1.6934225019947373,1.2442170931339434
0.43,0.3,-0.12783337150988489,0.32,0.13,0.4574248470388755,0.06498692201722643,0.5496759030729069
0.26,0.31,1.463255402256019,0.66,0.29,-0.01005033585350145,3.2287862848138693,2.9872506019070855
0.83,0.06,0.8544153281560676,0.04,0.58,0.9321640810304452,6.011365300914852,2.7919492304615994
0.29,0.4,1.2809338454620642,0.96,0.04,1.415853163361435,6.035073037148119,7.509920081008616
0.15,0.09,0.6678293725756554,0.08,0.31,1.2584609896100056,0.9909597668409824,1.9387480067107532
0.44,0.23,1.308332819650179,0.47,0.34,1.091923300517313,4.262492299574412,4.68984015076176
0.39,0.11,-0.6539264674066639,1.0,0.0,0.85015092936961,-1.1207627365455017,-0.2706118071758918
0.5,0.04,1.3297240096314962,0.09,0.88,1.4906543764441336,3.8864017058964304,15.33692108296683
0.67,0.3,0.1823215567939546,0.16,0.41,1.3164082336557241,3.4252975141540984,3.160094140259176
0.8,0.07,1.2149127443642704,0.18,0.32,-2.995732273553991,4.995454224235555,-3.083162606877012
0.52,0.16,-0.527632742082372,0.35,0.02,0.1906203596086497,-1.1740081962721245,-0.2247771341371114
0.06,0.2,1.5706970841176697,0.28,0.06,0.9516578757114463,2.0139996314965667,1.6123166328105345
0.48,0.17,0.9477893989335261,0.04,0.5,1.358409157630355,2.783662676898884,2.939510148526334
0.79,0.13,1.0715836162801904,0.42,0.45,-2.659260036932778,4.001088341758652,-1.7796428406975664
0.49,0.25,0.5877866649021191,0.96,0.03,1.4206957878372228,3.6330063004858757,5.0601874470034796
0.32,0.09,1.4085449700547104,0.58,0.21,-1.8325814637483102,1.954259001511886,-0.8849531534707901
0.39,0.52,1.5432981099295553,0.19,0.42,1.007957920399979,5.565689662093112,3.5611015282879093
0.02,0.12,0.8628899551470398,0.1,0.11,1.4350845252893227,1.092980031893596,1.735260581979402
0.49,0.32,0.6259384308664954,0.71,0.11,-1.8325814637483102,-0.12917980324301223,-2.1621256835074076
0.3,0.47,0.7514160886839212,0.01,0.07,1.000631880307906,1.8089311896125857,1.0953991255203013
0.93,0.01,-0.020202707317519466,0.64,0.21,1.3376291891386096,-0.05255695331013734,1.6506277950799928
0.64,0.31,1.075002423028976,0.05,0.55,0.27763173659827955,3.8895309177451174,1.049129021379512
0.57,0.06,1.4562867329399256,0.84,0.11,1.47932922708708,4.167483604304289,5.595522950902556
0.4,0.36,1.3987168811184478,0.16,0.73,-0.08338160893905101,3.3298352167688585,1.6644065762842486
0.19,0.04,0.9820784724121582,0.19,0.21,1.007957920399979,1.2907792689301134,1.586335667736818
0.28,0.72,1.4906543764441336,0.02,0.09,1.3962446919730587,3.6856919273604487,1.615339041720897
0.4,0.19,0.13976194237515863,0.1,0.1,0.19885085874516517,0.3139133700051719,0.2558239616781771
0.42,0.25,-0.4780358009429998,0.27,0.31,0.9477893989335261,-0.2792523279711785,1.2643291497447378
0.44,0.1,-0.9675840262617056,0.47,0.37,-0.527632742082372,-2.165456351476825,-2.4527363427629485
0.32,0.12,0.8586616190375187,0.74,0.14,0.9820784724121582,1.726405640372485,2.6274630176178033
0.48,0.29,0.3576744442718159,0.71,0.25,1.423108334242607,3.69884327654461,5.3990493076081165
0.14,0.06,0.9932517730102834,0.59,0.04,-0.23572233352106983,1.1887841529807206,0.4850626335699692
0.62,0.25,-0.040821994520255166,0.82,0.09,0.6575200029167941,0.9035625631622284,1.536747500231487
0.68,0.08,1.5129270120532565,0.04,0.57,1.2119409739751128,5.561858707925118,3.335849509262886
0.15,0.17,0.7323678937132266,0.4,0.35,-0.40047756659712525,0.8420059952642212,-0.0979762564747545
0.37,0.04,-0.35667494393873245,0.26,0.08,1.0224509277025455,-0.5046189138963374,0.9687511284025419
0.02,0.66,0.1823215567939546,0.23,0.39,0.7030975114131134,1.289809779600031,1.6389355302074542
0.34,0.26,1.007957920399979,0.63,0.27,1.2837077723447896,3.3634372471334997,4.661196019431553
0.26,0.32,0.9707789171582248,0.36,0.58,0.7839015438284094,3.3669496633173037,4.752388093320711
0.8,0.2,0.058268908123975824,0.04,0.71,1.5325568680981427,6.468186498604371,6.176842442207927
0.4,0.19,1.3454723665996355,0.37,0.08,0.9001613499442714,2.9247738804890204,2.154703865124216
0.67,0.03,1.0473189942805592,0.83,0.02,1.172482137234565,3.556269830882763,4.208353146418026
0.34,0.55,0.4824261492442928,0.73,0.03,1.2612978709452054,4.866639883381647,4.962829874309902
0.53,0.0,1.43746264769429,0.75,0.06,0.3293037471426003,3.0584285376550366,2.7905585448292975
0.62,0.0,1.425515074273172,0.75,0.08,0.1906203596086497,3.7513532407292294,3.2653643440343094
0.37,0.29,1.3837912309017721,0.61,0.09,1.324418957401803,4.145638432467669,4.234349833482334
0.27,0.25,-0.1743533871447778,0.24,0.49,-0.35667494393873245,-0.5701315545246096,-0.9675599054681788
0.88,0.05,0.10436001532424286,0.83,0.09,1.2919836816486494,2.3569411762891335,3.569499642006039
0.35,0.58,1.1786549963416462,0.51,0.04,-0.35667494393873245,2.8172905840403137,1.125149133909104
0.8,0.01,0.19885085874516517,0.05,0.91,0.7929925155296614,1.4758001336081294,9.6309168488573
0.22,0.18,1.5282278570085572,0.37,0.16,0.0,2.1809554849573924,0.9606585372737291
0.66,0.17,1.264126727145683,0.18,0.64,0.6626879730752367,6.184559020446213,4.933079198627812
0.19,0.02,0.8197798314933114,0.57,0.01,-1.2039728043259361,0.9962057896208963,-0.6425611729268845
0.8,0.07,0.8153648132841944,0.84,0.06,1.5706970841176697,6.783217449988899,7.732552915310248
0.84,0.05,0.17395330712343798,0.34,0.56,0.9242589015233319,2.29872132874852,3.8768711494199493
0.79,0.19,1.1216775615991057,0.19,0.5,-0.5621189181535413,6.589784114791336,1.3798800709819674
0.09,0.52,1.2383742310432684,0.32,0.04,0.8285518175661483,2.290279243581219,1.6265011842690782
0.18,0.18,1.1118575154181303,0.14,0.76,0.4054651081081644,1.9803537391282346,2.844630797564593
0.36,0.21,1.5195132049061133,0.58,0.13,0.8960880245566357,3.4716194016060284,3.344399039966587
0.41,0.2,1.599387576580599,0.38,0.57,-1.171182981502945,2.552037368944502,-0.46840557060550875
0.22,0.27,0.85015092936961,0.75,0.11,0.5306282510621704,1.830184945826664,2.138501674025734
0.63,0.15,1.4562867329399256,0.22,0.15,0.7178397931503168,4.779819875436665,2.0816472194929467
0.35,0.04,-0.5447271754416722,0.29,0.54,1.2119409739751128,-0.7031925375018562,2.19132584124328
0.44,0.46,1.332366019094335,0.21,0.51,-0.37106368139083207,2.7118494166335916,0.4049440743705852
0.14,0.26,1.6034198401085373,0.67,0.19,0.16551443847757333,2.5685350183149915,2.3289287637700125
0.93,0.07,0.131028262406404,0.37,0.08,1.358409157630355,5.600892089041686,3.7290643692637633
0.86,0.08,0.412109650826833,0.77,0.06,-2.659260036932778,2.494796869085573,-0.7853902280287163
0.12,0.35,0.7178397931503168,0.64,0.25,0.28517894223366247,1.463733547158835,1.629287573664265
0.1,0.04,0.3148107398400336,0.46,0.19,1.5769147207285403,0.44761133619479254,2.201004946824433
0.16,0.18,0.8586616190375187,0.41,0.45,0.6151856390902335,1.5017919459050428,2.238030763975195
0.62,0.14,1.2584609896100056,0.44,0.32,0.6259384308664954,4.7936209059061525,4.022252216520701
0.17,0.53,0.9400072584914712,0.83,0.12,0.23901690047049992,3.2835952517837663,3.368637268441887
0.42,0.18,1.2325602611778486,0.4,0.25,0.3987761199573678,2.744346653979653,1.9953519164040279
0.33,0.43,0.6471032420585384,0.91,0.01,0.85015092936961,3.6992516453255706,4.259060523410207
0.24,0.12,1.5871923034867805,0.04,0.35,1.128171090909654,2.385639561636214,1.8824551199400106
0.49,0.08,0.6729444732424258,0.58,0.1,1.5686159179138452,1.7720229076129697,2.8848764742057798
0.15,0.27,1.3912819026309295,0.61,0.15,0.6626879730752367,2.44086493326327,2.531312050789384
0.16,0.69,0.3852624007906449,0.86,0.03,1.506297153514587,6.382337522210541,7.211450949815099
0.29,0.34,0.23111172096338664,0.85,0.08,-0.18632957819149348,0.40980539765028623,0.1760896237305092
0.68,0.01,1.2296405510745139,0.93,0.03,1.5851452198650557,4.013957432556134,5.48260373532046
0.36,0.45,0.5709795465857378,0.55,0.04,-0.616186139423817,0.7381779906165694,-0.21894685461353547
0.5,0.22,1.4562867329399256,0.13,0.63,0.9122827104766164,4.728440355719816,4.126971943273788
0.47,0.19,-1.1086626245216111,0.62,0.29,1.2296405510745139,-2.141115157246332,-0.13778484480210007
0.21,0.52,1.4206957878372228,0.03,0.35,-2.3025850929940455,-0.5499939093005247,-3.5677938775185627
0.65,0.09,1.4586150226995167,0.56,0.16,1.172482137234565,5.462889460712311,5.037738344059081
0.39,0.51,0.9202827531436925,0.73,0.25,-0.2613647641344075,6.536572382725434,6.013777405279258
0.27,0.06,0.11332868530700327,0.61,0.21,0.7419373447293773,0.24818120814083466,1.13079059097318
0.05,0.23,-1.9661128563728327,0.22,0.31,0.4054651081081644,-2.088508982187213,-0.07823237863196682
0.1,0.43,0.0769610411361284,0.79,0.09,0.5709795465857378,0.6583547261948934,1.1989875765376683
0.48,0.51,0.25464221837358075,0.06,0.19,1.3737155789130306,2.321690779244698,1.8679221167284308
0.11,0.34,0.5247285289349821,0.82,0.07,1.4445632692438664,1.783836015107423,3.126138250298465
0.17,0.64,1.2919836816486494,0.71,0.07,1.0116009116784799,5.823525347824632,5.533660106997158
0.53,0.02,0.9321640810304452,0.28,0.15,1.5953389880545987,2.0925218511526844,2.5661704305489113
0.17,0.0,-0.2876820724517809,0.05,0.02,1.5686159179138452,-0.34659654036856274,1.582945037844771
0.48,0.06,1.5871923034867805,0.46,0.4,1.5195132049061133,3.6690790463367056,5.345482358879866
0.45,0.17,0.36464311358790924,0.43,0.55,1.4445632692438664,2.3489969223687,5.454737262521918
0.35,0.4,-0.6348782724359695,0.54,0.14,0.7419373447293773,-0.7264955885777203,0.40655252279900206
0.5,0.08,-0.342490308946776,0.32,0.12,0.5653138090500605,-0.6180888129083144,0.4176461020645379
0.22,0.08,1.3787660946990992,0.14,0.65,1.3862943611198906,2.266889360415511,4.867595835827126
0.73,0.06,1.4838746894587547,0.66,0.01,-0.15082288973458366,6.411886101295463,4.122244380009606
0.49,0.23,0.9895411936137477,0.97,0.01,1.2837077723447896,4.524124966394905,5.729403017799129
0.3,0.16,0.8109302162163288,0.9,0.05,1.4973884086254774,1.9385118714739091,3.4126831170387586
0.06,0.68,1.4906543764441336,0.39,0.46,-0.23572233352106983,2.659483592566895,1.4842112980067335
0.22,0.72,-0.616186139423817,0.04,0.21,1.2499017362143359,0.7033346190816024,1.6177655432723181
0.81,0.0,0.5128236264286637,0.82,0.15,0.29266961396282004,2.6990609575930096,2.948116727260287
0.74,0.1,0.8415671856782185,0.97,0.03,-1.1394342831883648,4.525619281006699,3.3509447383306576
0.13,0.43,1.1151415906193203,0.12,0.55,1.556037135706985,3.4448640820752856,4.376489752837671
0.74,0.13,0.9820784724121582,0.5,0.13,1.0367368849500223,6.136376822906447,4.718304923339851
0.37,0.03,-1.2378743560016174,0.47,0.24,1.2383742310432684,-1.9445227934490448,0.4269215499690243
0.23,0.33,0.9555114450274363,0.55,0.3,0.8712933659434193,2.675199827880648,3.34664673347113
0.36,0.03,-0.2484613592984996,0.9,0.0,1.0402767116551463,-0.35438892652835996,0.7213266777796223
0.65,0.32,-0.37106368139083207,0.88,0.04,1.269760544863939,0.9208420311112705,2.166772077677875
0.26,0.01,1.430311246536665,0.58,0.31,-1.7147984280919266,1.9210889441389882,-0.8703987290445605
0.43,0.19,0.4574248470388755,0.54,0.38,1.5539252025038417,2.3080096458379535,4.516532351661386
0.12,0.64,-1.3470736479666092,0.37,0.13,0.6523251860396901,-1.426693265620452,0.1430498858007554
0.85,0.06,0.04879016416943205,0.9,0.05,1.2267122912954254,1.355348231723131,2.5752899161249423
0.77,0.01,0.9858167945227654,0.37,0.15,1.0043016091968684,4.421202382308537,3.1060546120139283
0.16,0.01,0.1570037488096647,0.5,0.35,0.8586616190375187,0.20450806325298237,1.478325026701033
0.79,0.08,0.23111172096338664,0.92,0.06,1.423108334242607,2.6744159325033703,4.1314584261271685
0.58,0.05,-0.15082288973458366,0.22,0.6,0.5538851132264376,-0.20789173201155714,1.2703358919836378
0.49,0.21,0.7608058290337602,0.18,0.47,1.144222799920162,2.767797106033731,3.098915916572302
0.13,0.2,0.7654678421395714,0.6,0.01,1.4973884086254774,1.426262781189738,2.3769151737746625
0.05,0.61,1.4973884086254774,0.87,0.05,-0.6539264674066639,2.7531505579779383,1.832962454013856
0.97,0.0,-0.020202707317519466,0.67,0.22,0.8197798314933114,-0.6717551012357155,0.4739919884614949
0.62,0.15,1.3454723665996355,0.56,0.07,-2.8134107167600364,3.0782306438861076,-1.1716147410928652
0.56,0.37,0.36464311358790924,0.34,0.52,0.23901690047049992,3.085051761776753,2.6831944726167953
0.58,0.25,1.4327007339340465,0.26,0.41,1.4279160358107101,6.576982443667542,5.318527874070014
0.21,0.18,1.1151415906193203,0.35,0.23,1.128171090909654,1.9470538726079807,2.3501806258543487
0.57,0.15,0.9783261227936078,0.88,0.04,1.4060969884160703,4.0958239935389456,5.219189676276224
0.07,0.62,1.2584609896100056,0.66,0.01,0.22314355131420976,2.7062044428523238,2.0295337965359366
0.09,0.33,0.23111172096338664,0.22,0.58,-0.030459207484708574,0.2810123538191675,0.07462021726235478
0.17,0.29,1.3837912309017721,0.34,0.63,1.4816045409242156,4.516393589146751,8.154536063902032
0.32,0.27,0.6729444732424258,0.44,0.47,1.1314021114911006,2.7406404133433355,4.409968669897835
0.05,0.08,0.7419373447293773,0.2,0.57,-0.9942522733438669,0.6102083516593821,-2.0281752636087726
0.49,0.08,-0.4620354595965587,0.83,0.04,1.0116009116784799,-0.8567990091520035,0.31297877347060543
0.72,0.08,-0.3856624808119846,0.49,0.04,1.536867219599265,-1.0768860305655727,1.0512437631557685
0.15,0.4,0.7654678421395714,0.0,0.05,1.3402504226184837,1.5644496936448447,1.4107899184906634
0.46,0.19,1.4036429994545037,0.45,0.53,0.8153648132841944,4.840353416265883,6.369199531304884
0.27,0.22,0.4252677354043441,0.71,0.26,1.4586150226995167,1.6551889983301271,3.5591873150691153
0.02,0.62,1.3029127521808397,0.4,0.16,1.332366019094335,3.338861565649487,3.1760839627065485
0.54,0.33,1.2499017362143359,0.65,0.12,0.5128236264286637,6.669181572226016,5.508854135637645
0.62,0.03,0.3920420877760237,0.34,0.15,1.4996230464268938,1.2091430411456576,2.2479189659927203
0.29,0.16,0.5187937934151675,0.69,0.22,1.463255402256019,1.44063788043947,3.1503779144828465
0.04,0.72,0.9969486348916096,0.91,0.08,-0.6348782724359695,2.0178725519871734,1.305853449730386
0.41,0.31,1.1151415906193203,0.0,0.21,0.2468600779315258,2.0542515355197173,0.31248111128444184
0.83,0.12,0.7839015438284094,0.36,0.06,0.27763173659827955,6.605344397832821,2.8250592733342628
0.57,0.11,0.08617769624105241,0.72,0.05,0.494696241836107,0.41381695270616137,0.8343615644830282
0.46,0.15,1.1631508098056809,1.0,0.0,1.3609765531356006,3.505889643905649,4.86686619704125
0.57,0.16,0.7030975114131134,0.76,0.15,-0.2876820724517809,2.2615846284839516,1.6836723643568092
0.1,0.19,1.3532545070416904,0.78,0.18,0.4762341789963717,2.034846821640434,2.5163589121922323
0.73,0.14,0.6312717768418578,0.47,0.03,1.128171090909654,3.927977952180168,3.0663100079199856
0.07,0.41,0.9042181506398859,0.21,0.71,-0.6931471805599453,-0.11929772081747364,-2.476178698074554
0.25,0.47,0.8458682675776092,0.86,0.01,0.5877866649021191,3.2919550098812027,3.4534019807637093
0.82,0.02,1.1085626195212777,0.63,0.19,0.5709795465857378,6.8269914927916995,6.01479527974851
0.47,0.21,0.9783261227936078,0.03,0.55,0.9282193027394288,2.7354503524950124,2.2450704161129007
0.56,0.24,0.6471032420585384,0.19,0.81,-0.5108256237659907,0.010347422976804709,-2.677634297761502
0.07,0.32,1.5871923034867805,0.19,0.35,1.536867219599265,2.8020449043798688,3.183469353861976
0.01,0.6,1.43746264769429,0.28,0.22,0.6523251860396901,2.5034999236202227,1.7350060118716402
0.41,0.35,-0.4942963218147801,0.27,0.66,0.9242589015233319,1.4649291022984223,3.881730856879085
0.16,0.57,1.4906543764441336,0.25,0.55,-0.01005033585350145,2.8240467684382455,1.5465755272486124
0.2,0.47,1.1939224684724346,0.18,0.44,0.8754687373538999,2.9721113763470637,2.5186564722741167
0.29,0.36,0.5247285289349821,0.17,0.2,1.1346227261911428,1.6342629438390155,1.7655586822133769
0.02,0.01,-1.9661128563728327,0.51,0.44,-0.9675840262617056,-2.04279386245997,-3.5857791061659436
0.19,0.29,1.5238800240724537,0.52,0.31,1.220829921392359,3.444051863737637,4.364835702694364
0.56,0.0,0.494696241836107,0.82,0.04,1.1085626195212777,1.124299297537797,2.115091412962785
0.18,0.26,1.366091653802371,0.87,0.12,0.7747271675523681,2.8332439270475214,3.68141952175686
0.53,0.23,0.6678293725756554,0.96,0.01,1.2809338454620642,3.909061494505175,5.0844776524492765
0.35,0.01,-1.0498221244986778,0.17,0.34,-0.16251892949777494,-1.625280771219916,-0.6647982333902596
0.76,0.16,0.7080357930536959,0.45,0.31,0.7466879474879751,6.495883467624907,5.318602147790231
0.3,0.41,0.9820784724121582,0.32,0.06,1.144222799920162,2.642907953981024,2.1169715784831924
0.65,0.05,0.9282193027394288,0.81,0.12,1.3376291891386096,3.303603977784653,4.560850385207212
0.51,0.28,1.235471471385307,0.17,0.17,1.4134230285081433,3.9576695024436064,2.513526252530846
0.01,0.37,0.8458682675776092,0.99,0.0,1.247032293786383,2.095990582398747,3.3220629703611424
0.01,0.6,1.4562867329399256,0.47,0.43,1.5623463049002497,6.2610386344451845,7.903569215764512
0.23,0.56,1.0473189942805592,0.31,0.14,0.09531017980432493,1.9526503940476259,0.8146876498785491
0.42,0.04,0.7371640659767196,0.96,0.02,1.0784095813505903,1.4444446225328709,2.51538403217759
0.64,0.11,1.1314021114911006,0.64,0.03,0.6626879730752367,4.197830452124229,3.452886026035554
0.15,0.22,0.6097655716208943,0.63,0.22,0.5709795465857378,1.1465110059803332,1.6580511183706983
0.06,0.49,0.7561219797213337,0.21,0.16,1.091923300517313,1.7040658150238024,1.7259242251004372
0.13,0.08,1.3987168811184478,0.38,0.32,0.3852624007906449,1.7497286694789222,1.5443487258520951
0.69,0.19,0.3852624007906449,0.82,0.16,-1.7719568419318752,-0.12409981870008145,-2.230600004889521
0.23,0.14,1.2864740258376797,0.11,0.22,-0.15082288973458366,1.678626546671118,0.04336553875735788
0.37,0.45,0.9001613499442714,0.62,0.2,-0.15082288973458366,2.8989165113488307,2.0581308828870974
0.0,0.99,0.5538851132264376,0.11,0.45,0.9669838461896731,2.8609141887183815,2.330333986717761
0.57,0.07,0.3148107398400336,0.05,0.38,1.220829921392359,1.066637635605068,2.055097626947122
0.52,0.35,-0.5978370007556204,0.02,0.25,1.2119409739751128,-0.06863122388510791,1.6140902478483508
0.62,0.06,0.8197798314933114,0.75,0.18,0.8671004876833833,2.716595649850756,3.542130333723915
0.08,0.86,1.1184149159642893,0.6,0.06,-1.6607312068216509,-1.0802311367850415,-2.456235765917359
0.33,0.46,0.04879016416943205,0.25,0.63,0.9516578757114463,3.429756854790662,4.889450710499096
0.64,0.34,0.3576744442718159,0.46,0.24,1.3454723665996355,6.222637175291093,5.536691374048667
0.58,0.05,1.589235205116581,0.68,0.06,0.688134638736401,4.23582960145021,3.7962752431964097
0.14,0.08,-0.2876820724517809,0.35,0.56,-1.6607312068216509,-0.7402102452179996,-4.362226339206044
0.09,0.88,1.169381359556317,0.2,0.4,1.545432582458188,5.571917225721991,4.433026633944821
0.28,0.07,0.4382549309311553,0.42,0.24,-0.09431067947124129,0.6304917114493093,0.22433224633864562
0.71,0.26,0.371563556432483,0.38,0.16,0.28517894223366247,2.6675144353510474,1.5462309849773113
0.1,0.72,-0.342490308946776,0.65,0.11,1.275362800412609,1.8421676307707153,2.778394788905384
0.67,0.2,0.9932517730102834,0.46,0.13,1.1631508098056809,5.621522361521971,4.309254110644445
0.61,0.16,1.4036429994545037,0.68,0.03,-1.0788096613719298,4.41158973170485,1.9804859114719318
0.04,0.23,1.4816045409242156,0.8,0.07,1.5789787049493917,2.4563447119918025,3.8108112080440772
0.52,0.31,1.3217558399823195,0.39,0.32,1.4422019930581866,6.549277578489164,5.877088574258452
0.43,0.11,1.199964782928397,0.25,0.01,1.4973884086254774,2.519886711244313,2.148848556949697
0.34,0.58,1.0116009116784799,0.53,0.17,0.01980262729617973,3.5404030916637708,2.2845976257520353
0.32,0.12,1.0508216248317612,0.61,0.38,-0.31471074483970024,1.7616006189870757,1.225582930745648
0.37,0.35,1.095273387402595,0.9,0.03,1.5953389880545987,5.473771588393493,6.723436510281716
0.28,0.04,1.3506671834767394,0.51,0.1,1.0367368849500223,2.002977813562497,2.286950317523758
0.21,0.47,-0.1743533871447778,0.55,0.4,1.2556160374777743,2.253024704499787,4.157965255723963
0.2,0.27,-0.16251892949777494,0.02,0.35,0.6981347220709843,0.16100767047525738,1.0790024921877894
0.6,0.25,-0.19845093872383832,0.23,0.42,0.43178241642553783,-0.04111321183255147,0.7281341523391519
0.06,0.15,-1.2039728043259361,0.57,0.11,-1.7147984280919266,-1.7690001750483877,-3.0596578451277407
0.59,0.16,1.169381359556317,0.98,0.02,-0.916290731874155,4.079128353513742,3.1441377894217406
0.38,0.29,1.472472057360943,0.97,0.02,1.4350845252893227,5.69781519433442,7.104046186600796
0.51,0.23,0.5007752879124892,0.54,0.12,0.009950330853168092,1.442870828975933,0.8967037821285224
0.2,0.65,0.5766133643039938,0.61,0.38,-0.527632742082372,0.14655638865575624,-0.7067933116092069
0.84,0.11,0.03922071315328133,0.89,0.03,1.4206957878372228,3.3912716751918937,4.576213975083215
0.25,0.36,0.1570037488096647,0.3,0.08,0.6678293725756554,0.6612594736175201,0.9415287717133636
0.58,0.39,0.41871033485818504,0.79,0.03,-0.3285040669720361,2.7998839934588164,1.9416537914916148
0.92,0.01,0.25464221837358075,0.22,0.28,1.0260415958332743,3.4946031768429537,2.4928528555368223
0.2,0.6,0.9707789171582248,0.49,0.13,1.3428648031925547,4.105214016361444,3.855654708246859
0.45,0.47,1.244154593958768,0.7,0.09,-0.6733445532637656,4.756316067003466,2.9187655440018285
0.06,0.13,1.5851452198650557,0.31,0.39,0.9669838461896731,2.049607241052326,2.6268192273237827
0.56,0.11,-0.19845093872383832,0.23,0.56,1.2864740258376797,0.32200088506177543,3.092119282979798
0.21,0.54,1.264126727145683,0.51,0.26,1.5129270120532565,5.667640030838314,5.95057216721433
0.64,0.11,1.1755733298042381,0.19,0.02,1.5748464676644813,3.9930516778954614,2.3811492649828123
0.37,0.42,-0.5621189181535413,0.75,0.22,0.2700271372130602,-1.8417134976294567,-1.4246239588900576
0.72,0.07,0.3220834991691132,0.77,0.07,0.9669838461896731,1.7783171841236507,2.5121373665809767
0.61,0.36,1.5085119938441398,0.4,0.14,-0.4780358009429998,5.878930346445018,2.1785306072598942
0.05,0.65,1.3164082336557241,0.61,0.31,0.9820784724121582,5.971709008265616,6.702639046974681
0.12,0.8,-0.9942522733438669,0.43,0.43,0.6097655716208943,-0.5008796126582906,0.691884133760778
0.43,0.52,0.3987761199573678,0.17,0.64,0.4382549309311553,3.1802267428795026,2.719144904313844
0.25,0.28,-0.12783337150988489,0.19,0.02,1.3686394258811698,0.3783127570152054,1.4699170740937748
0.64,0.35,0.9969486348916096,0.08,0.46,0.44468582126144574,4.170623723723382,1.4413622132912434
0.67,0.02,1.3787660946990992,0.87,0.11,0.7178397931503168,4.493153812624352,5.198745583403824
0.36,0.01,0.9242589015233319,0.97,0.03,1.184789984909162,1.4864640477556443,2.7078969443326617
0.27,0.27,1.536867219599265,0.5,0.43,1.0577902941478545,4.132399864567338,5.480684422300444
0.55,0.05,0.7371640659767196,0.09,0.31,0.85015092936961,1.8011358265765978,1.4670328148571898
0.47,0.3,-0.8675005677047231,0.98,0.0,1.1505720275988207,-2.212710436731941,-1.017884200398481
0.51,0.2,0.8960880245566357,0.2,0.6,1.2029723039923526,3.8399324548374802,4.927396175879306
0.27,0.38,1.3480731482996928,0.59,0.2,0.0769610411361284,3.0786615269212754,2.3667136588229285
0.34,0.52,-0.5978370007556204,0.12,0.4,0.0769610411361284,-0.9551674070538849,-0.06273944051949883
0.01,0.93,1.1118575154181303,0.45,0.27,0.13976194237515863,3.095440004037646,2.099601977223978
0.61,0.05,0.9820784724121582,0.43,0.17,1.1939224684724346,2.894837526621222,2.9381956060139776
0.14,0.85,-0.37106368139083207,0.3,0.58,0.9122827104766164,5.83421341798674,6.3393968505655565
0.3,0.05,0.9932517730102834,0.69,0.05,0.9631743177730056,1.5729504657121234,2.156326118008504
0.27,0.08,1.5303947050936475,0.47,0.28,1.472472057360943,2.499347897497582,3.676618503108429
0.63,0.2,1.33500106673234,0.18,0.1,0.29266961396282004,4.2425390055541,1.1736962302901988
0.46,0.09,-1.1086626245216111,0.23,0.3,1.4883995840570443,-1.7970764035614055,1.5358251689881155
0.41,0.12,0.9202827531436925,0.1,0.12,0.8329091229351039,1.7937595518038558,1.150323797971575
0.67,0.13,1.4701758451005926,0.03,0.74,0.9631743177730056,6.196072492131445,4.419447697398941
0.17,0.74,0.8241754429663494,0.09,0.34,1.0331844833456545,2.7192666358768003,1.9362395248694604
0.05,0.17,0.9122827104766164,0.69,0.04,-1.7719568419318752,0.7229906208589314,-1.3261385157426364
0.36,0.25,1.5769147207285403,0.0,0.21,0.058268908123975824,2.4927365517950615,0.07375811143540072
0.68,0.08,0.8544153281560676,0.37,0.18,0.9745596399981308,3.3444320735419915,2.697560092803325
0.75,0.09,1.235471471385307,0.79,0.04,-0.7550225842780328,6.619896359618132,4.661141183621206
0.69,0.27,1.3454723665996355,0.0,0.21,1.128171090909654,5.584030952058577,1.4280646720375367
0.75,0.18,1.007957920399979,0.66,0.01,-1.5141277326297755,5.6358591908002165,2.2278175062599486
0.36,0.22,1.0577902941478545,0.09,0.58,1.472472057360943,3.0852028369021376,4.166999664012847
0.19,0.02,1.2947271675944,0.76,0.21,0.4824261492442928,1.6527656850415116,2.20066729538736
0.46,0.07,0.22314355131420976,0.86,0.12,0.27763173659827955,0.5199741394679782,0.8236436244430061
0.69,0.16,0.598836501088704,0.37,0.6,0.8153648132841944,5.709767749484423,7.319947124188895
0.49,0.36,0.7514160886839212,0.79,0.02,-0.19845093872383832,3.0870155455364294,2.286011524853224
0.25,0.65,1.5665304114228238,0.26,0.56,-1.0216512475319814,0.1568365347214466,-2.2291758087910933
0.73,0.13,-0.18632957819149348,0.51,0.33,1.5325568680981427,0.6491092256783294,2.781493847036038
0.34,0.11,-0.2484613592984996,0.52,0.39,1.4586150226995167,0.025722887542338917,2.413095454164355
0.24,0.22,1.556037135706985,0.49,0.02,0.9162907318741551,2.710360015353418,2.2901705193420776
0.58,0.19,1.1184149159642893,0.01,0.18,0.5247285289349821,2.9687507082601297,0.6761171069089666
0.59,0.12,1.3987168811184478,0.14,0.24,1.2919836816486494,4.131825515085019,2.4611041734264676
0.07,0.12,1.1151415906193203,0.8,0.07,0.636576829071551,1.4481334432518975,1.9301969301611706
0.25,0.59,0.04879016416943205,0.59,0.41,1.007957920399979,6.604675375971054,8.313078617084761
0.75,0.24,0.412109650826833,0.48,0.29,0.3920420877760237,6.206867427699426,4.74836397245468
0.8,0.11,0.34358970439007686,0.63,0.11,0.9745596399981308,3.7994059726850358,3.784477871767434
0.62,0.35,1.144222799920162,0.22,0.47,0.3074846997479607,5.740012730892574,2.9628064723234804
0.24,0.18,0.28517894223366247,0.63,0.02,0.9895411936137477,0.7247213500363272,1.475628065842121
0.15,0.66,0.2700271372130602,0.62,0.23,1.4906543764441336,4.85834758678631,5.847830967456423
0.72,0.01,1.534714366238164,0.23,0.15,0.9122827104766164,5.573312734960859,2.5813466158383402
0.32,0.17,1.3762440252663892,0.07,0.01,0.3220834991691132,2.1431014821950147,0.47686928974566883
0.38,0.11,0.688134638736401,0.54,0.23,-2.4079456086518722,0.6339721606354812,-2.6825902066163407
0.63,0.19,1.208960345836975,0.08,0.34,0.5766133643039938,3.9627492884349147,1.3539897115972281
0.22,0.35,1.2499017362143359,0.79,0.04,1.1568811967920856,3.397868980649856,4.001247555793492
0.15,0.02,-0.2484613592984996,0.45,0.39,-1.1394342831883648,-0.34217857659857304,-2.1201137369093885
0.46,0.33,0.7701082216960737,0.87,0.12,-1.1394342831883648,1.6037776159434098,0.29073905059808014
0.12,0.73,0.22314355131420976,0.69,0.25,0.7080357930536959,4.377629328655275,4.97146657320699
0.59,0.17,1.3686394258811698,0.15,0.19,0.23111172096338664,3.7439203486909447,0.9786416022857274
0.28,0.23,1.536867219599265,0.94,0.05,-0.18632957819149348,3.0294299319040765,2.8014047182045148
0.65,0.34,1.1600209167967532,0.41,0.41,-2.2072749131897207,-0.982239872907898,-4.423592670975316
0.27,0.37,-1.0216512475319814,0.27,0.16,-0.31471074483970024,-1.8985628482248391,-0.9848872412083188
0.42,0.18,1.0331844833456545,0.75,0.02,-2.659260036932778,1.231750319162353,-1.7708649749133663
0.15,0.66,-1.3862943611198906,0.66,0.1,1.5539252025038417,-0.6742372327010357,1.2321403283956092
0.54,0.35,1.3635373739972745,0.56,0.34,-0.6348782724359695,6.298579640485787,4.382312543976957
0.3,0.68,1.091923300517313,0.18,0.18,0.8960880245566357,3.3319667522752727,1.8241974993854595
0.45,0.11,0.6151856390902335,0.95,0.04,0.45107561936021673,1.5116710782912774,1.9657946416493435
0.62,0.09,-0.4780358009429998,0.94,0.03,0.2151113796169455,-1.5641686135577342,-1.2940230783858544
0.65,0.08,0.5187937934151675,0.27,0.15,1.4036429994545037,2.0052949324616334,2.2883201844845686
0.4,0.23,1.269760544863939,0.09,0.08,1.0043016091968684,2.6334783186985904,1.3492550129285956
0.85,0.01,0.23901690047049992,0.25,0.3,1.2383742310432684,1.753074724741649,2.3952026671993343
0.62,0.33,0.9631743177730056,0.01,0.7,1.2892326482767593,6.453469131628407,4.512557706853909
0.28,0.3,1.3787660946990992,0.38,0.6,0.636576829071551,4.267122872971706,5.645208366425942
0.64,0.12,1.169381359556317,0.65,0.08,1.205970806988609,4.82048596865516,4.71661593551295
0.26,0.12,0.01980262729617973,0.68,0.31,0.636576829071551,0.20990425659822048,1.1294287163413104
0.55,0.22,0.7275486072772777,0.36,0.16,1.3862943611198906,3.0660111977849427,2.9643549978297723
0.85,0.0,0.8960880245566357,0.66,0.22,0.6575200029167941,5.973919440418117,5.897829241778829
0.7,0.18,-0.07257069283483537,0.63,0.14,0.131028262406404,-0.2681987949169595,-0.044105396260299
0.67,0.14,0.14842000511827322,0.8,0.04,-0.7765287894989963,0.164690913271024,-0.671643595248188
0.06,0.38,0.2700271372130602,0.39,0.18,1.2237754316221157,1.102561042853485,2.0167966560959028
0.48,0.15,1.5769147207285403,0.71,0.16,1.5851452198650557,4.730184794953537,5.885209992078104
0.57,0.23,0.7654678421395714,0.17,0.34,0.5481214085096876,2.5797865386932854,1.4949762817435324
0.0,0.49,1.0681530811834012,0.18,0.25,-1.5606477482646683,0.05501743794814531,-2.067650549860153
0.57,0.39,-0.8209805520698302,0.53,0.08,1.47932922708708,-0.944044195443978,1.0641172965331944
0.4,0.41,1.472472057360943,0.52,0.01,1.2781522025001875,5.204279062368527,4.0246235480585
0.42,0.16,0.8754687373538999,0.52,0.32,1.3297240096314962,2.59663893115391,3.94114092985965
0.52,0.14,1.2556160374777743,0.64,0.03,1.205970806988609,3.6882521361706675,3.6767547955408433
0.52,0.11,0.8671004876833833,0.08,0.7,1.1786549963416462,2.8830034345498974,4.697649300850989
0.07,0.53,-0.18632957819149348,0.2,0.48,-0.9942522733438669,-1.6517048125495362,-2.547031730759994
0.14,0.5,1.4350845252893227,0.11,0.55,-1.3470736479666092,-0.08344354698093907,-3.0137959002149457
0.18,0.1,1.5830939370944985,0.94,0.04,1.4973884086254774,2.408408572754009,3.918012954571025
0.53,0.1,1.4279160358107101,0.32,0.08,0.8153648132841944,3.4845609731212916,2.098287246442927
0.35,0.25,1.205970806988609,0.06,0.57,0.2151113796169455,2.163867680618449,0.8021864045086988
0.51,0.45,0.41871033485818504,0.02,0.26,1.589235205116581,2.898754915280222,2.225959808074186
0.13,0.08,1.2584609896100056,0.02,0.87,1.601405740736836,2.6162545998684683,12.72100640377363
0.04,0.17,-0.09431067947124129,0.88,0.1,1.4929040961781488,0.2364387736998733,1.8899656467699955
0.14,0.43,1.55814461804655,0.01,0.27,1.5851452198650557,2.9174933366084828,2.211397014425322
0.03,0.85,0.4824261492442928,0.48,0.19,1.4182774069729414,4.226371423733236,4.255476031063602
0.45,0.36,1.5665304114228238,0.55,0.2,0.44468582126144574,5.840128468307853,4.570945557914767
0.6,0.19,-0.4155154439616658,0.76,0.12,0.4054651081081644,-1.389853362876849,-0.7395577607203959
0.33,0.07,1.0402767116551463,0.8,0.1,0.3920420877760237,1.7617746765938895,2.0016238606922747
0.72,0.0,1.208960345836975,0.4,0.4,1.0818051703517284,4.317714339033073,4.681484567518502
0.26,0.37,1.4951487660319727,0.49,0.0,0.6931471805599453,3.135157304939704,2.2293742599804003
0.39,0.39,1.410986973710262,0.49,0.32,0.5877866649021191,5.313847848017809,4.693488277113212
0.24,0.12,0.9001613499442714,0.72,0.2,-3.2188758248682006,0.6401018705102564,-3.4474902655313135
0.49,0.21,1.556037135706985,0.2,0.14,1.4747630091074988,4.155046975963473,2.681130653398478
0.57,0.01,-0.616186139423817,0.8,0.16,1.5129270120532565,-1.4225679730190541,0.44628384745979083
0.34,0.57,1.4562867329399256,0.46,0.1,-1.0216512475319814,2.1950335598490347,-0.013262473404191432
0.05,0.71,1.5518087995974639,0.53,0.05,1.366091653802371,4.644893979204421,4.0293531039311015
0.3,0.39,0.6523251860396901,0.55,0.03,-3.2188758248682006,-1.3401167283482116,-4.078284444461918
0.25,0.56,0.9162907318741551,0.02,0.49,1.220829921392359,3.099844449108514,2.5153457808628517
0.15,0.4,1.1216775615991057,0.24,0.15,0.4054651081081644,1.78070232899147,0.9798038108865075
0.3,0.35,0.8153648132841944,0.0,0.02,1.4701758451005926,1.9148945787827019,1.500179433776115
0.64,0.19,0.1823215567939546,0.6,0.31,1.0986122886681098,2.4891159871917417,3.756639700586374
0.45,0.11,1.169381359556317,0.36,0.3,1.3164082336557241,2.789146237396771,3.3150006133106174
0.06,0.53,0.9439058989071284,0.69,0.3,0.9082585601768908,3.907324586322179,5.149017748651506
0.16,0.05,1.5129270120532565,0.2,0.24,0.8919980393051105,1.9007374557427021,1.6738727368878379
0.3,0.51,-0.15082288973458366,0.32,0.5,1.1184149159642893,2.6497824200315003,3.9326893837249086
0.16,0.6,0.688134638736401,0.37,0.59,-0.2613647641344075,1.0236902888228026,0.2863065038621067
0.31,0.2,0.8020015854720274,0.63,0.1,-0.7133498878774648,1.1699440261873408,0.02634797744746193
0.02,0.53,0.5709795465857378,0.37,0.31,1.3376291891386096,2.297267177178314,3.17045979167898
0.12,0.34,-1.6094379124341003,0.68,0.0,1.0784095813505903,-1.9154326398719097,-0.22408461376230854
0.35,0.09,-0.4155154439616658,0.39,0.29,0.058268908123975824,-0.6795439811086011,-0.2911833771423927
0.3,0.57,1.1410330045520618,0.57,0.13,1.3837912309017721,6.2705372849906285,5.698847670451439
0.07,0.75,-0.31471074483970024,0.49,0.02,0.7608058290337602,0.4820387376246306,1.0173516864219307
0.48,0.34,0.7227059828014898,0.45,0.01,-0.16251892949777494,1.824806522339324,0.6652969204806137
0.26,0.39,1.172482137234565,0.59,0.3,0.6575200029167941,3.7414719730187214,4.092840273000908
0.33,0.41,1.0224509277025455,0.8,0.19,1.4655675420143985,6.656115188212369,8.383283566566924
0.1,0.11,1.33500106673234,0.63,0.1,-2.4079456086518722,1.2645205079146835,-1.7903287713272642
0.08,0.48,-1.5141277326297755,0.21,0.71,0.5653138090500605,-1.0105951806684714,1.2174864001478316
0.12,0.76,0.5068176023684519,0.06,0.02,-0.3856624808119846,0.24924546489439328,-0.37827316868510735
0.71,0.0,1.4951487660319727,0.35,0.41,0.43178241642553783,5.155684355601455,3.7902911796529977
0.81,0.09,-0.2484613592984996,0.87,0.04,1.3837912309017721,-1.0944803048541376,0.44957846656838074
0.36,0.08,1.1786549963416462,0.48,0.02,1.4861396960896067,2.1636743941952448,2.576227922933957
0.8,0.13,-0.06187540371808753,0.57,0.29,1.2612978709452054,1.7678170975495697,3.195708103780178
0.38,0.35,0.7178397931503168,0.33,0.28,1.1249295969854831,2.751792548025608,2.823639556204268
0.66,0.25,0.85015092936961,0.89,0.02,-0.8915981192837836,5.512629631051158,4.096573720922347
0.22,0.16,1.410986973710262,0.58,0.04,1.0543120297715298,2.3220069390523506,2.501120814628764
0.02,0.52,0.9555114450274363,0.26,0.06,0.9820784724121582,1.7924415874694535,1.5405457715174589
0.26,0.27,1.075002423028976,0.74,0.02,0.8285518175661483,2.430927953623629,2.681059635300506
0.05,0.23,1.264126727145683,0.17,0.42,1.5260563034950492,2.117964499181977,3.2519130070494766
0.44,0.25,1.3480731482996928,0.21,0.05,0.7747271675523681,3.074764928499145,1.4951871218918134
0.73,0.13,0.5247285289349821,0.38,0.23,-1.0216512475319814,1.7111480208193848,-0.48235950043953324
0.46,0.21,1.2267122912954254,0.01,0.06,1.208960345836975,2.783362206778442,1.3157382609773407
0.61,0.06,1.0577902941478545,0.11,0.44,1.1817271953786161,3.1315625400119718,2.725354510644991
0.09,0.14,0.6043159668533296,0.79,0.04,1.5644405465033646,1.047397766562385,2.4915465557881857
0.82,0.07,0.6830968447064438,0.1,0.59,-0.05129329438755058,4.1389017989223555,0.8843819338833449
0.25,0.38,1.5748464676644813,0.82,0.06,1.55814461804655,5.268049255321474,6.253132980859792
0.4,0.1,1.410986973710262,0.81,0.07,0.8020015854720274,2.9191142436596413,3.4048215537155206
0.9,0.0,0.6678293725756554,0.77,0.16,1.1151415906193203,6.678293371576161,7.449318429567071
0.24,0.01,-0.6733445532637656,0.77,0.02,0.9242589015233319,-0.882683639912351,0.24958481127555152
0.76,0.02,1.2781522025001875,0.3,0.42,1.4350845252893227,5.7810050723759225,5.464458605003369
0.14,0.08,1.6074359097634274,0.63,0.28,1.5748464676644813,2.256226253634921,4.161484467152737
0.19,0.3,0.8878912573524571,0.78,0.21,1.5665304114228238,2.8859151105777987,4.832334254705335
0.88,0.07,0.06765864847381486,0.02,0.37,1.3787660946990992,1.8750850713672758,2.248043856993385
0.82,0.04,0.9360933591703348,0.58,0.13,1.5830939370944985,6.579647018569429,6.206079539916508
0.4,0.09,1.3217558399823195,0.63,0.32,0.8628899551470398,2.779543767664078,3.844120760679223
0.1,0.73,0.9242589015233319,0.37,0.33,-0.10536051565782628,1.6291174853431216,0.7424031382830133
0.29,0.2,0.688134638736401,0.37,0.06,-0.020202707317519466,1.0832503753161677,0.4048931357286218
0.0,0.51,1.5706970841176697,0.28,0.48,1.4060969884160703,4.0664679233821985,4.893668796859113
0.22,0.24,-0.6539264674066639,0.2,0.54,0.7561219797213337,-0.3839851970443243,1.4767711596029711
0.37,0.36,0.6523251860396901,0.43,0.1,0.412109650826833,1.7842018432142839,1.3103511416161164
0.77,0.1,1.4838746894587547,0.16,0.32,-3.912023005428146,4.400511493856409,-4.717560693074082
0.05,0.66,1.5665304114228238,0.4,0.27,0.9932517730102834,4.188854600981043,3.6558814951590954
0.44,0.4,-0.07257069283483537,0.62,0.24,0.412109650826833,0.6175483274805842,1.0460334552373654
0.21,0.3,0.5187937934151675,0.01,0.35,1.297463147413275,1.42302003557347,2.017986800344538
0.37,0.47,0.08617769624105241,0.24,0.0,0.6626879730752367,0.7688086672873592,0.8472020532242028
0.01,0.32,1.5282278570085572,0.17,0.57,0.20701416938432612,1.9482343648818474,1.2516477678611497
0.81,0.18,-0.2484613592984996,0.16,0.52,1.5748464676644813,2.6315678404096063,4.158118426491345
0.32,0.0,0.9895411936137477,0.02,0.61,0.7975071958841882,1.4552076376653418,2.1195011190928232
0.38,0.18,-0.8675005677047231,0.94,0.0,1.0818051703517284,-1.492325867026991,-0.320981144653643
0.31,0.39,1.0116009116784799,0.31,0.03,1.1662709371419244,2.6187031390004525,2.039246257414619
0.49,0.13,1.5303947050936475,0.18,0.48,-0.09431067947124129,3.2404625095068473,0.9403296233984059
0.16,0.18,0.8329091229351039,0.39,0.4,0.25464221837358075,1.257672880658702,1.2418836114045972
0.52,0.15,0.23901690047049992,0.33,0.5,1.536867219599265,1.8374705722828253,4.286463970121692
0.61,0.06,1.4996230464268938,0.65,0.22,0.8544153281560676,4.60396196436657,4.932039143516493
0.64,0.09,0.058268908123975824,0.52,0.21,-0.7765287894989963,-0.10021667316005947,-1.0488982282964663
0.39,0.56,1.1346227261911428,0.59,0.19,0.3293037471426003,6.740711312134644,5.316448652621683
0.64,0.34,1.3217558399823195,0.08,0.25,1.5040773967762742,6.189057247179647,2.6656026277362277
0.29,0.57,0.6678293725756554,0.88,0.08,-0.2744368457017603,3.0209228499248857,2.5912772409851
0.79,0.09,1.091923300517313,0.1,0.79,-1.5606477482646683,2.5312673834993182,-6.226262960785563
0.5,0.1,1.5769147207285403,0.97,0.02,1.545432582458188,4.325495157422334,5.858329471608934
0.5,0.34,-0.4780358009429998,0.83,0.01,1.3137236682850553,-0.12502761954512873,1.2221722895051632
0.41,0.05,0.6678293725756554,0.63,0.18,-0.7550225842780328,1.1272619999847546,-0.05469698534071506
0.44,0.29,0.7419373447293773,0.74,0.15,0.8754687373538999,3.383825764391623,3.975881961840114
0.14,0.77,1.4445632692438664,0.39,0.02,0.6729444732424258,3.564679206157285,2.105274846492186
0.24,0.61,1.2864740258376797,0.84,0.06,0.02955880224154443,6.075823551589103,5.460904871115934
0.07,0.03,1.3862943611198906,0.17,0.23,-0.09431067947124129,1.4973497257998125,0.2080896877909138
0.64,0.23,0.1906203596086497,0.83,0.08,-0.40047756659712525,0.5932510341121405,0.09991113692915976
0.54,0.04,1.0367368849500223,0.37,0.57,1.3056264580524357,2.7214310277236207,5.378036619389619
0.54,0.2,-0.10536051565782628,0.21,0.65,1.3402504226184837,1.9426361692727945,4.994867576047451
0.82,0.14,0.9707789171582248,0.1,0.71,-0.7133498878774648,4.755409868440488,-0.8200316599986881
0.89,0.03,0.09531017980432493,0.93,0.02,1.4816045409242156,1.725268359340554,3.1490857634509024
0.78,0.14,0.598836501088704,0.46,0.24,1.6034198401085373,6.610841028776894,6.111061447065337
0.08,0.06,1.599387576580599,0.59,0.28,-2.3025850929940455,1.6162793013617904,-1.873567085257695
0.33,0.34,-0.2744368457017603,0.66,0.27,0.5709795465857378,-0.0234976452795485,0.7609101431837345
0.24,0.08,1.247032293786383,0.76,0.23,1.3812818192963463,2.0417946584042426,3.8091498493922487
0.42,0.22,1.1216775615991057,0.42,0.37,-0.9675840262617056,1.8087273947399436,-0.3300364142632798
0.11,0.01,0.131028262406404,0.35,0.01,-1.0216512475319814,0.13616232454442523,-0.9838329385604799
0.26,0.01,-0.08338160893905101,0.11,0.16,-0.5978370007556204,-0.1224961749560545,-0.7277477228025481
0.26,0.43,-0.15082288973458366,0.62,0.14,1.4996230464268938,1.3929907673873174,2.7479963710404514
0.71,0.1,0.5423242908253617,0.4,0.42,1.547562508716013,3.6607185548067758,5.192844434881551
0.3,0.34,1.2892326482767593,0.21,0.33,1.0043016091968684,3.0313066744296218,2.4490680226272743
0.25,0.61,1.2237754316221157,0.59,0.02,0.9669838461896731,4.769820676506527,3.858344937488551
0.02,0.15,-0.01005033585350145,0.74,0.2,1.3837912309017721,0.29647502469737286,2.0039772906822253
0.68,0.07,-0.21072103131565253,0.66,0.33,1.4085449700547104,-0.25321390832635615,1.8528653095063412
0.03,0.33,1.6094379124341003,0.03,0.91,-0.3011050927839216,0.5882147831761383,-3.148224190790255
0.14,0.59,1.4422019930581866,0.18,0.44,1.556037135706985,4.5969492143040735,4.256228232149123
0.82,0.13,-0.05129329438755058,0.25,0.52,1.4422019930581866,3.0216121281504,4.578343003348313
0.05,0.75,1.3812818192963463,0.09,0.43,1.3937663759585917,3.8663601592074803,3.055681422323351
0.65,0.22,0.9669838461896731,0.18,0.52,0.9932517730102834,5.316724775082342,4.063046076103746
0.58,0.22,0.37843643572024505,0.5,0.17,1.2947271675944,2.5102282432099816,3.0720975620464857
0.62,0.37,1.4906543764441336,0.19,0.44,-0.19845093872383832,5.342732391969184,1.4583359396863627
0.46,0.12,1.2325602611778486,0.41,0.34,0.6678293725756554,2.9089461507064756,2.818934036664407
0.26,0.2,1.3862943611198906,0.67,0.26,1.3029127521808397,3.1103484246843256,4.576818910611985
0.31,0.34,0.25464221837358075,0.6,0.07,0.41871033485818504,0.8662783214549279,1.00911453751875
0.14,0.02,1.4562867329399256,0.98,0.0,1.2919836816486494,1.7635962611243658,3.0203080175505277
0.55,0.16,1.3532545070416904,0.24,0.7,0.8960880245566357,5.686857401021952,7.536445902544286
0.11,0.68,0.23111172096338664,0.93,0.05,1.1216775615991057,4.609557467750097,5.693227363281852
0.64,0.01,1.5973653311998313,0.11,0.39,0.4054651081081644,4.478019271282569,1.4722084374537936
0.23,0.58,1.1346227261911428,0.76,0.06,0.712949807856125,5.229880099542107,4.986870926004004
0.63,0.01,-0.8209805520698302,0.61,0.33,1.0296194171811581,-2.2320615737440472,-0.49536144183754044
0.3,0.22,1.2029723039923526,0.98,0.0,0.5247285289349821,2.721740882151411,3.1920345934433647
0.17,0.29,1.2296405510745139,0.94,0.03,0.9858167945227654,2.776783957640312,3.707209964239399
0.59,0.09,-0.2876820724517809,0.52,0.27,-0.2484613592984996,-0.9200709020474662,-0.9957183465582531
0.11,0.15,0.883767540168595,0.42,0.55,1.1568811967920856,1.69252552664686,4.150536053770119
0.17,0.38,0.7701082216960737,0.77,0.22,1.2178757094949273,2.997398106893479,4.520348848927768
0.73,0.04,1.3001916620664788,0.26,0.66,0.371563556432483,5.613361983374852,5.38540450992317
0.52,0.23,1.4445632692438664,0.55,0.32,0.11332868530700327,5.044364086783782,4.246660006264227
0.18,0.78,-0.2613647641344075,0.14,0.39,0.688134638736401,0.9649756942713498,1.349554963077276
0.42,0.07,0.1906203596086497,0.68,0.03,1.2267122912954254,0.5257611563061121,1.6332264517646837
0.56,0.0,-0.9942522733438669,0.58,0.4,0.09531017980432493,-2.259452883218949,-2.0250638262231715
0.08,0.62,0.1823215567939546,0.04,0.47,0.5596157879354227,0.9584841129213655,1.1282097783985217
0.28,0.54,1.244154593958768,0.0,0.23,1.4469189829363254,3.13732774203176,1.8791155527835426
0.29,0.02,1.1474024528375417,0.87,0.06,0.27763173659827955,1.6678615877362628,1.8390118279569818
0.51,0.2,1.5107219394949427,0.37,0.44,0.5423242908253617,4.762819067941472,4.115298507134262
0.77,0.01,1.0224509277025455,0.97,0.02,1.0296194171811581,4.693082718018125,5.695826172923302
0.19,0.3,0.7466879474879751,0.25,0.05,0.4382549309311553,1.2106930967935514,0.7799242100862773
0.11,0.02,1.3217558399823195,0.2,0.48,1.5390154481375546,1.565155403722296,3.5616260768935795
0.11,0.61,-0.12783337150988489,0.22,0.08,1.000631880307906,0.7198008719957399,1.259769361294269
0.05,0.53,0.9122827104766164,0.79,0.08,1.332366019094335,3.394363341558881,4.3629489089309885
0.41,0.34,1.534714366238164,0.16,0.04,1.2499017362143359,3.707601036596884,1.919914470848757
0.02,0.14,1.5644405465033646,0.77,0.18,0.9631743177730056,2.03748945447504,3.0878543937320555
0.45,0.25,0.30010459245033816,0.49,0.49,-0.05129329438755058,0.8874788159906137,0.7520816826339163
0.72,0.05,1.2149127443642704,0.33,0.44,1.0508216248317612,5.223749850819785,4.954748190381122
0.85,0.02,0.1823215567939546,0.57,0.08,0.9202827531436925,1.4702475413524192,1.9112210176764644
0.28,0.2,1.415853163361435,0.07,0.17,-0.06187540371808753,1.992427023612658,0.09348701861290773
0.57,0.05,0.494696241836107,0.07,0.57,-0.8675005677047231,0.9335937651717853,-1.8654082648202315
0.51,0.07,1.091923300517313,0.76,0.12,-0.6931471805599453,2.4136757548863903,1.2968701997823662
0.32,0.23,0.7030975114131134,0.19,0.77,1.1600209167967532,3.8022824448777017,8.184585047550765
0.27,0.13,-0.10536051565782628,0.2,0.44,1.208960345836975,0.2564300755055766,2.250434404921533
0.72,0.26,0.11332868530700327,0.23,0.47,0.9555114450274363,3.4818981943020826,3.313863325704831
0.03,0.46,1.0543120297715298,0.86,0.09,-2.2072749131897207,-0.11471114624214561,-2.5339756603030525
0.49,0.12,0.35065687161316933,0.05,0.34,1.1568811967920856,1.119939138056182,1.8376924758872357
0.66,0.24,-0.12783337150988489,0.29,0.22,0.9001613499442714,0.5946401716733702,1.3751339681293373
0.32,0.38,0.7514160886839212,0.43,0.45,1.3137236682850553,4.332828736840947,5.776072605116019
0.08,0.79,0.3576744442718159,0.72,0.14,1.4134230285081433,6.403795759046883,7.004832522011394
0.27,0.35,-1.0216512475319814,0.05,0.09,1.3454723665996355,-0.7093482843393679,1.4395653781812248
0.01,0.64,1.1474024528375417,0.26,0.43,1.3428648031925547,3.803600141836445,4.090878228156427
0.36,0.29,0.8458682675776092,0.71,0.24,1.430311246536665,3.770588199179028,5.404511577567692
0.29,0.38,0.959350221334602,0.67,0.23,1.2237754316221157,4.120965818627303,5.175094085977593
0.36,0.09,-0.941608539858445,0.52,0.36,-0.8209805520698302,-1.86440165910358,-2.7973246284037825
0.63,0.01,-0.4780358009429998,0.44,0.06,0.6471032420585384,-1.289554457891597,0.08478904638317666
0.49,0.44,1.2837077723447896,0.42,0.08,1.5390154481375546,6.533677479621996,4.655608679788622
0.42,0.06,1.184789984909162,0.01,0.9,1.1378330018213911,3.253466525263265,11.703676663830214
0.41,0.09,1.3787660946990992,0.6,0.25,0.7608058290337602,2.837957771484032,3.2847735166763417
0.41,0.2,-0.7550225842780328,0.63,0.19,0.9969486348916096,-1.171211191624997,0.3198710644405728
0.71,0.05,-0.07257069283483537,0.67,0.13,0.009950330853168092,-0.286120756572431,-0.20890212864716168
0.77,0.06,0.8878912573524571,0.44,0.56,0.5247285289349821,5.64379466909129,6.8363594136297525
0.16,0.53,0.5538851132264376,0.57,0.04,-1.2378743560016174,-0.24649201769614582,-1.4358050650884977
0.58,0.19,0.4885800148186709,0.42,0.49,-2.3025850929940455,-1.3998030150288796,-5.667269821540314
0.46,0.19,-1.1394342831883648,0.08,0.24,1.6054298910365616,-1.4194372186500679,1.9629901099001001
0.11,0.42,0.6097655716208943,0.36,0.13,1.4206957878372228,1.808996244989978,2.381533142888124
0.1,0.87,-0.2744368457017603,0.3,0.5,1.5748464676644813,6.523269657995566,7.063654688662644
0.58,0.21,1.556037135706985,0.46,0.37,0.13976194237515863,6.009841165081456,4.609982263624977
0.01,0.28,1.1151415906193203,0.64,0.3,-0.4307829160924542,1.2844946645067572,0.5589810943278543
0.33,0.43,0.7608058290337602,0.88,0.01,1.235471471385307,4.508425086805856,5.255439944757257
0.24,0.1,0.7793248768009977,0.53,0.34,0.4885800148186709,1.255486261206043,1.7484624724966722
0.74,0.16,0.4885800148186709,0.68,0.12,1.269760544863939,5.2759325838067,5.5197666803243175
0.4,0.02,0.14842000511827322,0.35,0.59,1.556037135706985,0.38482380027857177,4.12371836232536
0.58,0.35,1.4838746894587547,0.47,0.27,-0.342490308946776,6.779428902791314,3.8956729536070642
0.63,0.08,1.3506671834767394,0.55,0.33,-0.030459207484708574,4.426237780682029,3.588016878005323
0.42,0.19,0.6678293725756554,0.81,0.13,1.5810384379124025,2.5132830130669013,4.157238572746825
0.75,0.2,-0.15082288973458366,0.37,0.21,1.556037135706985,1.5550789021644444,2.6979943888969853
0.71,0.05,1.3270750014599193,0.91,0.07,0.5709795465857378,5.632152712623742,6.124987641004114
0.22,0.07,0.1570037488096647,0.77,0.19,0.9242589015233319,0.3320099475968875,1.4566712198836915
0.39,0.02,1.3376291891386096,0.35,0.16,1.4586150226995167,2.2809248906234463,2.686831376040523
0.03,0.86,0.371563556432483,0.16,0.6,1.425515074273172,5.489489788893942,5.759583355418182
0.54,0.15,1.5748464676644813,0.47,0.19,-2.5257286443082556,2.9684348127530393,-1.395759010403738
0.88,0.0,0.7839015438284094,0.52,0.02,1.4036429994545037,6.532512012270941,4.898519637344491
0.13,0.68,0.08617769624105241,0.03,0.77,1.423108334242607,5.495461806541026,6.904226666994994
0.31,0.36,0.5481214085096876,0.06,0.7,-0.07257069283483537,0.746095143369587,-0.09260308359430326
0.15,0.25,1.1410330045520618,0.29,0.15,-0.6931471805599453,1.2255327408521361,-0.3973424233978575
0.32,0.54,0.8628899551470398,0.61,0.08,1.1505720275988207,4.7777424708348155,4.418472725207295
0.72,0.13,0.009950330853168092,0.25,0.7,1.1969481893889715,3.079384960055736,6.555981138484496
0.75,0.11,0.26236426446749106,0.82,0.1,0.4762341789963717,2.140282722512207,2.479183994080416
0.9,0.03,-0.09431067947124129,0.74,0.01,0.7839015438284094,-0.9085872301044551,0.11267431844747344
0.27,0.11,-0.843970070294529,0.32,0.36,0.9321640810304452,-1.0129838585288315,0.9499982318703901
0.35,0.06,0.3920420877760237,0.54,0.19,0.3220834991691132,0.6817967314327681,0.8521628151581219
0.17,0.55,0.5128236264286637,0.78,0.1,0.3293037471426003,2.0209272788014814,2.1173628260621595
0.38,0.03,1.0188473201992472,0.1,0.32,1.1118575154181303,1.7347585181235694,1.8901942783243861
0.22,0.47,-0.3285040669720361,0.19,0.04,0.8712933659434193,0.14273154644477123,0.9358458466152756
0.28,0.66,0.8415671856782185,0.01,0.66,1.4085449700547104,5.103997976713717,4.292896425538094
0.51,0.21,1.47932922708708,0.98,0.02,1.5151272329628591,6.442854757878292,7.988902954319298
0.07,0.75,1.55814461804655,0.48,0.5,-0.6539264674066639,2.7487948819176897,1.3309850419233318
0.38,0.39,0.7975071958841882,0.88,0.07,0.6043159668533296,4.187508469841817,4.6121756766363085
0.81,0.05,0.06765864847381486,0.62,0.27,0.6151856390902335,0.7441039985917668,1.4746934783583132
0.35,0.61,0.8796267475025636,0.36,0.4,-1.1394342831883648,-0.9808643757302543,-2.4874722741064623
0.33,0.24,0.3987761199573678,0.26,0.0,1.332366019094335,1.182583307044975,1.6398376789260285
0.71,0.11,1.1631508098056809,1.0,0.0,0.5653138090500605,6.807418314109081,7.372732123159142
0.86,0.08,0.19885085874516517,0.66,0.09,0.8458682675776092,3.3327365415617316,3.3466750109781938
0.37,0.32,1.4747630091074988,0.71,0.11,1.415853163361435,5.294188848571825,5.81430025704552
0.55,0.12,0.20701416938432612,0.33,0.28,0.36464311358790924,0.6779065088663773,0.8171505506574522
0.07,0.37,0.9400072584914712,0.57,0.4,-0.6348782724359695,0.9481815150723663,-0.1573338422635249
0.42,0.23,0.7466879474879751,0.15,0.61,0.9783261227936078,2.6928674937199073,3.5442441839169456
0.07,0.49,1.4422019930581866,0.68,0.26,0.01980262729617973,3.033610475061324,2.814401679913871
0.78,0.19,0.4382549309311553,0.77,0.09,-0.579818495252942,5.355215809125764,3.8941732393413293
0.39,0.11,1.308332819650179,0.2,0.34,0.7975071958841882,2.499275440679103,1.9656990799630953
0.51,0.07,0.11332868530700327,0.22,0.55,1.4350845252893227,0.7384364484151286,3.550087033345947
0.55,0.03,0.6418538861723947,0.0,0.9,1.3376291891386096,2.318094761921792,13.37629189011129
0.0,0.46,1.3609765531356006,0.39,0.61,1.2029723039923526,5.14790173649154,8.232446072196058
0.11,0.21,-0.4942963218147801,0.37,0.34,-0.6931471805599453,-0.9255788928651261,-1.5690498846672138
0.01,0.97,1.0612565021243408,0.12,0.37,1.4996230464268938,4.18534492130731,3.177562315844353
0.74,0.03,-0.05129329438755058,0.22,0.42,0.8458682675776092,-0.03041956506384044,1.446845049946344
0.24,0.17,1.5195132049061133,0.11,0.23,0.6626879730752367,2.2642205024891964,1.1840932105372495
0.23,0.32,1.1817271953786161,0.71,0.05,1.541159071680806,3.2040674940419827,4.016891526725384
0.11,0.69,1.3454723665996355,0.05,0.48,1.4678743481123135,3.998315476504712,3.207288211532503
0.46,0.22,1.1151415906193203,0.3,0.23,1.247032293786383,3.2390080350337356,2.8814732805712175
0.49,0.11,1.3480731482996928,0.96,0.01,1.55814461804655,3.7715705906283787,5.231164022174185
0.45,0.4,1.1249295969854831,0.82,0.13,-0.35667494393873245,5.554940658532727,4.825719957769648
0.63,0.14,1.332366019094335,0.55,0.05,0.17395330712343798,4.699820549200787,2.9040574632290856
0.32,0.17,0.9001613499442714,0.83,0.12,-0.941608539858445,1.3821590460010058,0.23361528583490132
0.67,0.02,1.2919836816486494,0.95,0.05,-1.4696759700589417,4.067877978078485,2.520850566214761
0.95,0.04,-0.020202707317519466,0.16,0.6,1.095273387402595,2.6271074570647954,3.789024552914236
0.28,0.19,1.6074359097634274,0.95,0.0,0.8544153281560676,3.2803975193080857,3.970792971498749
0.9,0.05,-0.07257069283483537,0.67,0.26,1.3532545070416904,0.34451708777870205,2.1406465354182633
0.48,0.06,0.8586616190375187,0.2,0.5,1.3506671834767394,2.0579449287021836,3.5245100092342674
0.19,0.12,1.0296194171811581,0.31,0.1,1.589235205116581,1.615154439709175,2.3221474118176375
0.34,0.09,0.883767540168595,0.1,0.77,0.4054651081081644,1.6789754123756717,2.4928587701080107
0.11,0.3,0.2468600779315258,0.91,0.02,1.275362800412609,1.0422709476045977,2.2692134887657027
0.41,0.02,0.6151856390902335,0.47,0.35,0.09531017980432493,1.073976694571174,0.9231908792229218
0.24,0.59,-0.5447271754416722,0.02,0.52,0.25464221837358075,-0.3151522527206205,0.5173485605842877
0.75,0.09,0.9631743177730056,0.82,0.03,1.3297240096314962,6.247505585810077,6.652245967209479
0.01,0.35,0.45107561936021673,0.98,0.0,0.9669838461896731,1.2202752741946297,2.1628536149004103
0.2,0.72,0.5538851132264376,0.52,0.01,1.430311246536665,3.779142196940544,3.4297628117797743
0.58,0.02,-0.7985076962177716,0.26,0.73,1.1346227261911428,-1.7828549961434674,2.485462698760051
0.13,0.29,-0.15082288973458366,0.12,0.22,-0.3285040669720361,-0.3306712935176787,-0.4720187422695504
0.66,0.14,1.252762968495368,0.41,0.32,-0.4155154439616658,4.566779127892511,2.1424467863756034
0.75,0.2,0.26236426446749106,0.5,0.1,0.6931471805599453,2.9980370700438863,2.4357394734619335
0.32,0.52,0.883767540168595,0.05,0.55,0.9042181506398859,3.0995975729750347,2.353771038585765
0.48,0.09,1.0986122886681098,0.52,0.06,0.8671004876833833,2.5129693725901485,2.312600438980713
0.18,0.71,0.7419373447293773,0.5,0.03,1.0438040521731147,3.3169359357030683,2.7858473982749925
0.25,0.48,0.7371640659767196,0.51,0.29,0.9360933591703348,3.380989398075661,3.747038978703549
0.03,0.31,0.6729444732424258,0.84,0.12,-0.37106368139083207,0.8043715508344709,0.3461425692171341
0.17,0.39,-1.3093333199837622,0.29,0.59,1.220829921392359,-0.26718763422546055,2.7886408804294436
0.24,0.33,1.5851452198650557,0.71,0.06,0.7975071958841882,3.6517668692458507,3.606661290756381
0.47,0.15,1.4350845252893227,0.56,0.41,1.1878434223960523,4.481313233828176,6.266743691812568
0.55,0.29,1.2499017362143359,0.18,0.44,1.0647107369924282,5.048602823776711,3.524034158833472
0.29,0.17,0.636576829071551,0.92,0.04,1.5933085305042167,1.6793128904343015,3.2690378054971703
0.19,0.67,0.494696241836107,0.4,0.12,1.235471471385307,2.8396974455993513,2.694716261649858
0.52,0.05,-0.9675840262617056,0.98,0.01,1.2499017362143359,-2.1007822354461356,-0.8170341411439062
0.5,0.2,1.5518087995974639,0.47,0.4,-1.4271163556401458,3.134272891035977,0.07665068471656598
0.17,0.54,-0.7765287894989963,0.04,0.36,0.7975071958841882,-0.130167224231231,1.2379634249989795
0.43,0.19,0.8241754429663494,0.66,0.07,1.5830939370944985,2.6371876604793263,3.573803957156706
0.56,0.25,0.9516578757114463,0.9,0.09,-0.7765287894989963,3.8305323967068867,2.935110151311511
0.35,0.64,0.5933268452777344,0.29,0.68,-0.10536051565782628,5.465787735195371,4.624117918339678
0.2,0.19,1.1878434223960523,0.55,0.34,0.23111172096338664,1.9548670939822,1.979222002558372
0.31,0.14,0.10436001532424286,0.65,0.07,1.3056264580524357,0.5081525096009993,1.7590593403682435
0.66,0.14,0.8878912573524571,0.25,0.49,-1.3470736479666092,1.9091670736384596,-1.705463242690765
0.35,0.17,0.7884573603642703,0.87,0.03,1.144222799920162,1.98781611529493,2.9624976688454314
0.13,0.07,0.3364722366212129,0.83,0.12,0.7323678937132266,0.4909679542711446,1.295306837386504
0.03,0.43,0.7839015438284094,0.0,0.63,1.472472057360943,2.5723208128235693,3.979651813549454
0.67,0.07,0.9321640810304452,1.0,0.0,-0.13926206733350766,3.547749420084486,3.4084873527509782
0.2,0.56,1.5432981099295553,0.74,0.02,1.2499017362143359,5.985868593714638,5.795351523890792
0.77,0.17,1.000631880307906,0.29,0.23,-0.10536051565782628,5.888694091598023,2.0809879861109573
0.52,0.1,-0.5108256237659907,0.63,0.01,1.5260563034950492,-0.8565884343202707,0.9963695733157334
0.34,0.5,0.8458682675776092,0.19,0.73,0.47000362924573563,5.569544978553379,5.660063127506006
0.47,0.11,0.5596157879354227,0.58,0.06,-0.5447271754416722,1.0729897497865535,0.08255952878513187
0.7,0.08,-0.4942963218147801,0.8,0.17,0.131028262406404,-2.1596748251618436,-1.9236718778406638
0.57,0.0,1.144222799920162,0.34,0.59,1.244154593958768,2.660983232244629,5.241191816907688
0.79,0.07,1.0152306797290584,0.69,0.01,0.688134638736401,6.599296443756564,5.294595135567956
0.44,0.2,0.6043159668533296,0.03,0.48,1.0508216248317612,1.838731177941521,2.126888475799036
0.27,0.66,0.5306282510621704,0.52,0.05,-0.4942963218147801,0.5078102253629465,-0.24235147247125058
0.82,0.01,1.0402767116551463,0.57,0.19,1.2612978709452054,6.1044755759033595,5.852899914822116
0.42,0.48,0.5538851132264376,0.22,0.09,1.3454723665996355,2.723497344483089,2.1369689091698354
0.45,0.09,1.3711807233098425,0.16,0.29,-0.06187540371808753,2.573697211021421,0.4928387320998808
0.28,0.06,1.169381359556317,0.96,0.01,0.6575200029167941,1.8271333022493563,2.435927215650657
0.51,0.38,0.5247285289349821,0.07,0.56,0.85015092936961,2.930882352822174,2.3984363448610186
0.66,0.33,-0.5621189181535413,0.41,0.1,1.5390154481375546,0.011415877159614334,1.71521638564945
0.68,0.27,0.36464311358790924,0.23,0.35,1.472472057360943,4.34945151892374,3.804378116282431
0.74,0.24,-0.06187540371808753,0.22,0.65,0.6259384308664954,3.365659507033368,3.903950894364643
0.42,0.12,0.6312717768418578,0.41,0.31,0.2700271372130602,1.3332692036536187,1.1835725678156732
0.62,0.06,0.6523251860396901,0.86,0.11,-1.4271163556401458,1.7269219929699495,0.06520825399073378
0.82,0.0,1.205970806988609,0.62,0.35,1.463255402256019,6.699837751925981,8.641776620115419
0.33,0.6,0.4824261492442928,0.51,0.2,0.4382549309311553,2.8212659263571576,2.346374998568796
0.03,0.32,0.06765864847381486,0.75,0.2,0.4382549309311553,0.3626165036377648,0.8877671603225241
0.85,0.01,0.8628899551470398,0.32,0.59,-1.1394342831883648,5.87290639307347,1.8046234185791552
0.58,0.15,1.4586150226995167,0.66,0.01,-2.0402208285265546,3.59215389106516,0.3339401269912851
0.09,0.0,1.3937663759585917,0.25,0.39,-1.2729656758128873,1.5316114020988945,-1.4590099584032292
0.21,0.04,0.41871033485818504,0.15,0.45,1.5644405465033646,0.6834728620499789,3.0308364602966376
0.66,0.18,0.9122827104766164,0.74,0.04,1.3862943611198906,5.824659860207857,5.933898597462468
0.06,0.02,-0.16251892949777494,0.69,0.14,1.0508216248317612,-0.14944662153567004,1.1019783907625567
0.61,0.19,1.1755733298042381,0.56,0.14,0.7080357930536959,5.002268943598002,4.080588791574826
0.62,0.0,1.4906543764441336,0.27,0.23,1.0681530811834012,3.922772355621767,2.762729190740194
0.21,0.28,1.3480731482996928,0.93,0.0,1.3454723665996355,3.256807262982278,4.374303121173154
0.43,0.3,1.2029723039923526,0.58,0.21,0.0769610411361284,3.523110711401441,2.6840062948853616
0.72,0.16,0.6830968447064438,0.92,0.07,0.2468600779315258,5.960932776665174,6.162277661359264
0.08,0.47,0.5247285289349821,0.36,0.62,1.5539252025038417,5.153778715692895,8.971804033504267
0.5,0.01,1.410986973710262,0.73,0.18,1.4085449700547104,2.908106611899765,4.306661808971244
0.06,0.01,0.2151113796169455,0.56,0.3,-2.2072749131897207,0.19698247215259354,-2.9954387002086733
0.05,0.23,1.3762440252663892,0.16,0.07,0.7793248768009977,1.7233378122992358,1.1344716458769584
0.12,0.4,1.3812818192963463,0.27,0.19,0.6043159668533296,2.2496075114247005,1.4959374217252803
0.68,0.21,1.4951487660319727,0.16,0.07,0.47000362924573563,5.640867174671312,1.4758520148912055
0.47,0.1,-0.5447271754416722,0.67,0.17,0.6575200029167941,-1.0360368523597638,-0.044112639805965706
0.16,0.42,1.451613827240533,0.18,0.77,0.5068176023684519,4.649102631627298,5.8419821533197
0.21,0.31,0.5128236264286637,0.37,0.2,1.169381359556317,1.4938400705606611,2.1526260739983383
0.09,0.04,-1.0788096613719298,0.07,0.14,1.3987168811184478,-1.118015710544108,1.535411833834263
0.82,0.01,0.8064758658669485,0.48,0.43,1.264126727145683,4.829575133926572,6.284776728348002
0.46,0.49,1.324418957401803,0.08,0.83,-0.4462871026284195,0.12380773550580428,-2.5666015043580073
0.14,0.22,0.8109302162163288,0.28,0.06,-0.31471074483970024,0.928007422549662,-0.05837115899706186
0.67,0.21,1.2669476034873244,0.54,0.1,-1.5141277326297755,4.4786782518192805,1.0048427389265437
0.46,0.14,1.1631508098056809,0.26,0.51,1.5789787049493917,3.4662610711006843,5.061645630117198
0.01,0.76,0.23111172096338664,0.79,0.0,1.4422019930581866,3.4065310199596013,4.133361498826272
0.46,0.09,0.2700271372130602,0.81,0.03,0.7793248768009977,0.7364384206573884,1.4183914723319497
0.38,0.01,0.959350221334602,0.85,0.03,-0.616186139423817,1.5591222133115799,0.7309973483885914
0.79,0.11,0.9516578757114463,0.03,0.25,0.9001613499442714,5.2708228001025885,1.4110480384366235
0.16,0.08,1.091923300517313,0.29,0.13,-0.15082288973458366,1.3254724719475366,0.26846281312826176
0.17,0.76,0.22314355131420976,0.25,0.13,0.8754687373538999,1.6152746256904713,1.4704448355358317
0.04,0.66,-1.1394342831883648,0.56,0.28,0.4762341789963717,-1.5734004346609891,-0.5622786482904784
0.26,0.64,0.7178397931503168,0.64,0.05,1.1019400787607843,4.727979076320842,4.345101755715284
0.2,0.72,1.0367368849500223,0.16,0.62,0.8064758658669485,5.162194937585239,4.295860202006946
0.15,0.16,0.3364722366212129,0.64,0.26,0.7701082216960737,0.7068063225231701,1.651974757633908
0.62,0.11,1.2837077723447896,0.83,0.02,0.9555114450274363,4.8493049282328,5.082076050120731
0.85,0.1,0.4574248470388755,0.01,0.46,0.8285518175661483,4.1232984226805245,1.6107125667994133
0.53,0.28,1.5390154481375546,0.4,0.15,0.712949807856125,5.244482966231678,3.3067564296839573
0.31,0.06,1.095273387402595,0.52,0.38,1.3837912309017721,1.9215753743777768,3.8435643612021377
0.29,0.46,-0.16251892949777494,0.82,0.05,0.02955880224154443,-0.47342649774837564,-0.37752413764918213
0.08,0.11,0.43178241642553783,0.44,0.41,0.6981347220709843,0.6706010679703271,1.6833812672079642
0.19,0.06,-0.21072103131565253,0.67,0.16,0.8020015854720274,-0.20132800936924494,0.7941753300799457
0.38,0.38,1.4011829736136412,0.94,0.05,-3.2188758248682006,0.4658729016648599,-2.927318635377891
0.32,0.61,0.09531017980432493,0.43,0.34,1.2837077723447896,4.53601160621484,4.900291893900302
0.66,0.0,0.5596157879354227,0.53,0.04,1.3787660946990992,1.6459142119488064,2.344896309971968
0.48,0.38,0.29266961396282004,0.31,0.37,1.252762968495368,3.147906346405154,3.5374817284195204
0.44,0.37,1.3862943611198906,0.27,0.48,-1.1086626245216111,1.6240259943534516,-1.2887876841231725
0.33,0.55,-0.6931471805599453,0.29,0.54,0.7561219797213337,0.6524084397392019,2.055034274453635
0.56,0.17,1.085189268335969,0.98,0.01,-1.171182981502945,3.253659462843444,2.0377810771211533
0.01,0.3,0.9162907318741551,0.88,0.08,-0.6931471805599453,0.9818180647727571,0.18570851617104095
0.13,0.01,1.4134230285081433,0.53,0.47,0.6418538861723947,1.6575969966470634,2.8686396304060255
0.65,0.09,1.589235205116581,0.44,0.38,-1.0216512475319814,5.03594680674474,1.926072850677126
0.57,0.41,0.36464311358790924,0.22,0.26,0.8754687373538999,2.75778600706689,2.002947566561003
0.74,0.17,1.2296405510745139,0.13,0.66,-0.31471074483970024,5.498896473792701,1.1768989915496206
0.36,0.27,1.2119409739751128,0.58,0.36,-0.7339691750802004,2.2824802791610486,0.9216672008831894
0.38,0.06,1.2781522025001875,0.94,0.01,0.4885800148186709,2.3227205300111935,2.6989265551265156
0.1,0.49,0.7608058290337602,0.75,0.06,0.8671004876833833,2.382518971977518,2.8233931678988573
0.17,0.49,1.355835153635182,0.93,0.05,1.4350845252893227,5.983277587014671,7.367929135498753
0.01,0.69,1.2837077723447896,0.07,0.25,0.7929925155296614,2.1750857991744423,1.2603308424588664
0.48,0.23,1.355835153635182,0.56,0.35,-0.579818495252942,3.57520861951881,2.188150291601617
0.47,0.37,1.0647107369924282,0.18,0.04,0.7884573603642703,2.971165374422263,1.3784032239923112
0.53,0.14,1.4562867329399256,0.83,0.03,1.2612978709452054,4.678185486742738,5.303290531739075
0.92,0.05,0.2151113796169455,0.35,0.3,1.541159071680806,5.912617579328414,5.157964559594438
0.02,0.3,-1.5606477482646683,0.82,0.07,1.5107219394949427,-1.5001589456211035,0.30170668141430973
0.41,0.27,0.8372475245337022,0.79,0.1,1.264126727145683,3.4461333138500043,4.42952442208526
0.28,0.37,1.0885619528146082,0.29,0.41,1.007957920399979,3.1974656568324615,3.28003812095137
0.08,0.41,-0.941608539858445,0.11,0.13,1.3686394258811698,-0.3416741033331576,1.5299464462352355
0.69,0.14,-0.23572233352106983,0.03,0.34,1.3190856114264407,0.14507059705823747,2.0052071798895845
0.24,0.47,-0.31471074483970024,0.23,0.64,1.0116009116784799,2.188253563593842,4.2080514710631425
0.18,0.71,-1.2378743560016174,0.0,0.71,0.6471032420585384,0.4224285436429975,2.231370930281117
0.31,0.45,1.1662709371419244,0.3,0.26,0.0769610411361284,2.3899641793787727,1.0729048174788638
0.2,0.01,1.264126727145683,0.33,0.1,1.1249295969854831,1.6031289705679885,1.8377354178656602
0.3,0.18,0.8754687373538999,0.37,0.45,-1.3093333199837622,0.7721252773605604,-1.8611276239078207
0.02,0.15,1.2178757094949273,0.64,0.19,1.5769147207285403,1.7526746674329654,3.331637442825302
0.32,0.21,1.5107219394949427,0.67,0.18,1.252762968495368,3.6024753484100227,4.471245560342609
0.31,0.62,-0.916290731874155,0.38,0.41,1.5390154481375546,2.4115285851158053,4.1616879340856014
0.73,0.14,0.9202827531436925,0.02,0.19,1.1052568313867783,4.169356722200771,1.4674616769543891
0.06,0.62,-0.06187540371808753,0.95,0.04,0.11332868530700327,0.03458882437366082,0.15227780663300192
0.42,0.1,1.3737155789130306,0.78,0.08,0.598836501088704,2.9054014282251175,3.1141841809446404
0.37,0.11,-1.2039728043259361,0.91,0.03,1.5129270120532565,-1.9596457011144452,-0.27870853568250065
0.28,0.58,0.7654678421395714,0.13,0.48,1.1537315878891892,3.5692534816340546,3.111027063954043
0.1,0.76,0.37843643572024505,0.81,0.03,1.1118575154181303,4.708992961732413,5.078496706494706
0.06,0.13,0.9042181506398859,0.52,0.02,0.6043159668533296,1.1301469615858668,1.216318634624142
0.24,0.13,0.9895411936137477,0.63,0.18,-1.0498221244986778,1.2468857391939185,-0.32230331535888146
0.63,0.02,1.075002423028976,0.27,0.55,0.3364722366212129,3.0445685969182588,2.574453936219666
0.57,0.01,1.451613827240533,0.32,0.14,1.4036429994545037,3.4435982323601957,2.913481731270011
0.54,0.21,0.8372475245337022,0.93,0.03,1.3454723665996355,4.36300962931746,5.5701766130702595
0.49,0.42,1.5953389880545987,0.1,0.06,1.3137236682850553,4.689945419972592,1.8965087277959085
0.44,0.39,-0.37106368139083207,0.73,0.26,1.184789984909162,1.445478082101295,3.0270109049303033
0.31,0.17,0.6575200029167941,0.67,0.08,1.415853163361435,1.6233673245341143,2.7212054947246727
0.25,0.02,1.3480731482996928,0.77,0.07,0.4885800148186709,1.8523367517480682,2.0590097894469612
0.52,0.15,1.2383742310432684,0.91,0.03,1.2947271675944,4.240145345563986,5.312638578547231
0.61,0.22,1.5602476682433286,0.11,0.38,0.4574248470388755,4.908027559998494,1.6085610138385988
0.2,0.29,1.1346227261911428,0.1,0.09,1.1969481893889715,1.9737044266902795,1.5322181220338493
0.43,0.05,-0.342490308946776,0.51,0.34,0.6729444732424258,-0.5485903300285223,0.5957147768296462
0.78,0.17,0.7419373447293773,0.3,0.1,1.5810384379124025,6.3708845104452365,3.8803375395465447
0.7,0.21,1.0647107369924282,0.13,0.73,0.16551443847757333,6.000555938881069,3.5021725318617047
0.32,0.15,1.5260563034950492,0.91,0.02,0.9477893989335261,3.090589213674335,3.836964865556972
0.46,0.23,-0.8675005677047231,0.1,0.04,1.4747630091074988,-0.9963055181900112,1.43242998650561
0.77,0.07,1.085189268335969,0.04,0.08,0.5306282510621704,4.959375753817163,0.7923948684481054
0.09,0.65,-1.3093333199837622,0.36,0.53,1.0152306797290584,0.22977975927844072,2.336058705991252
0.37,0.28,-0.07257069283483537,0.11,0.85,1.6074359097634274,6.8947637488885505,15.772399480861695
0.66,0.33,1.169381359556317,0.08,0.57,-0.2613647641344075,3.47731646738751,0.039116381305455694
0.49,0.14,0.23901690047049992,0.41,0.13,1.3480731482996928,1.0268411197974652,2.0334220087007178
0.5,0.06,0.36464311358790924,0.56,0.31,1.5851452198650557,1.1133967038353687,3.20093726929768
0.85,0.11,0.8109302162163288,0.16,0.33,-0.4942963218147801,5.898075930494977,0.6707400076919892
0.57,0.15,1.220829921392359,0.5,0.32,0.7419373447293773,4.330518053521795,4.275288516606304
0.7,0.2,0.4824261492442928,0.59,0.02,1.3887912413184778,4.264404572187685,3.9844795192549642
0.75,0.07,1.3001916620664788,0.36,0.24,1.4747630091074988,6.622445410743361,5.07742545077962
0.49,0.34,0.5187937934151675,0.96,0.02,1.1537315878891892,5.194270751854034,6.265542354117404
0.67,0.12,0.3987761199573678,0.91,0.08,0.9516578757114463,2.4746483810918005,3.4821606049057063
0.25,0.53,-0.15082288973458366,0.48,0.5,1.3110318766193438,5.136280424903901,7.552892913405263
0.6,0.14,1.4701758451005926,0.33,0.51,-1.4696759700589417,3.435449970741885,-0.6856710957848101
0.17,0.25,0.4637340162321402,0.09,0.11,-0.06187540371808753,0.5546624201158126,-0.013434061027625366
0.72,0.2,0.17395330712343798,0.82,0.05,0.371563556432483,2.3486691077839477,2.418391596853099
0.56,0.16,1.235471471385307,0.98,0.01,1.4655675420143985,5.228147447609921,6.655709131218119
0.64,0.14,-0.5108256237659907,0.48,0.28,1.5686159179138452,-0.7717558852515829,1.6641351212571247
0.28,0.39,0.5766133643039938,0.81,0.07,1.3428648031925547,2.9967968202871784,4.054053933969324
0.34,0.29,0.7323678937132266,0.14,0.34,-0.941608539858445,0.5324425830011259,-1.3137246453803606
0.77,0.07,0.7747271675523681,0.11,0.32,0.11332868530700327,3.5961413865311793,0.748388379861891
0.63,0.09,1.43746264769429,0.94,0.01,-0.01005033585350145,5.048573937780309,4.7834435987897015
0.78,0.02,1.208960345836975,0.8,0.18,-0.527632742082372,5.9659046222902585,5.176940152593763
0.13,0.41,1.463255402256019,0.53,0.42,1.4906543764441336,5.081296218156875,7.2133471556064555
0.16,0.38,-0.08338160893905101,0.58,0.28,1.3962446919730587,1.2240814611411275,2.9252933056176658
0.74,0.15,-0.7550225842780328,0.17,0.52,1.1151415906193203,-1.9649980226482369,1.6272932658244483
0.31,0.14,0.36464311358790924,0.49,0.02,1.1662709371419244,0.8568551949488783,1.6184998991159592
0.17,0.06,0.6626879730752367,0.52,0.45,0.4252677354043441,0.916984411939021,1.640170761227292
0.84,0.03,0.8329091229351039,0.43,0.14,1.599387576580599,6.128976304658863,4.9242411338523855
0.27,0.11,-0.4155154439616658,0.07,0.49,1.0043016091968684,-0.2782260042125226,1.9310226687220047
0.36,0.43,1.3912819026309295,0.22,0.57,0.6043159668533296,4.751421967568331,3.836345434897764
0.3,0.28,0.7178397931503168,0.38,0.62,0.45107561936021673,2.5004987247353077,3.687536525305552
0.24,0.36,0.3920420877760237,0.2,0.21,-1.9661128563728327,-0.7533272796166466,-2.6794565355620676
0.44,0.1,1.425515074273172,0.59,0.1,1.1878434223960523,3.1499938577588376,3.3848218868527584
0.68,0.01,1.4539530095937054,0.09,0.36,1.4655675420143985,4.6355335346471005,2.941821110707578
0.33,0.57,-0.2484613592984996,0.75,0.1,-0.2484613592984996,-2.079564021999793,-2.0090049284461697
0.46,0.16,-0.6348782724359695,0.94,0.01,-0.2231435513142097,-1.72843770461606,-1.8665377525586018
0.66,0.05,0.14842000511827322,0.78,0.22,1.1755733298042381,0.7716307464155551,2.278774153065634
0.54,0.34,0.4382549309311553,0.95,0.02,-1.6607312068216509,-1.056107800239094,-2.7183973064644693
0.57,0.17,-0.5621189181535413,0.32,0.54,1.4747630091074988,-0.054856975955836454,3.1678408332790653
0.52,0.15,0.3987761199573678,0.28,0.31,1.1908875647772805,1.569103754560082,2.362659532134752
0.07,0.52,-0.07257069283483537,0.33,0.24,-1.0788096613719298,-1.1510747427998007,-1.9192528774855095
0.07,0.8,-0.8675005677047231,0.91,0.02,1.1939224684724346,0.5723941114541543,1.749796809381767
0.48,0.37,-0.8209805520698302,0.27,0.59,1.3506671834767394,1.4399301948557321,4.242555078161671
0.52,0.27,0.712949807856125,0.9,0.04,1.2947271675944,4.747511384388233,5.799466046810463
0.72,0.02,1.4085449700547104,0.22,0.28,0.7080357930536959,5.214568247125956,2.576723281173878
0.62,0.14,1.0818051703517284,0.2,0.14,0.5933268452777344,3.3916223662379017,1.478664218929001
0.28,0.56,0.35065687161316933,0.59,0.31,0.8109302162163288,4.183135885194733,4.752145283678644
0.67,0.08,1.2149127443642704,0.12,0.09,1.0508216248317612,4.092313371659236,1.6943947393268124
0.02,0.2,0.9745596399981308,0.89,0.08,1.0543120297715298,1.5304814457922804,2.6265654139104364
0.43,0.03,1.0152306797290584,0.51,0.34,1.5496879080283263,1.9854323802572038,3.8822088273571467
0.16,0.38,1.1410330045520618,0.61,0.14,0.009950330853168092,2.007879100737075,1.4357622562938561
0.7,0.15,0.9858167945227654,0.95,0.01,0.371563556432483,6.677625333628669,6.783139012981338
0.67,0.19,0.5187937934151675,0.87,0.07,1.589235205116581,5.53978003819778,6.891229928072226
0.5,0.28,1.601405740736836,0.06,0.62,-0.01005033585350145,3.4972245709111203,0.5257428390418565
0.49,0.08,0.7793248768009977,0.88,0.0,1.2864740258376797,2.0069181468537876,3.052561995069013
0.16,0.1,0.45107561936021673,0.15,0.11,1.355835153635182,0.7330572046181666,1.6469584961365706
0.49,0.05,1.4701758451005926,0.2,0.18,0.22314355131420976,2.980646544236285,0.9991130070218458
0.13,0.4,1.3029127521808397,0.95,0.01,1.2325602611778486,3.704357833010294,4.799697168515757
0.43,0.09,1.4085449700547104,0.47,0.24,0.16551443847757333,2.7766411603514287,1.934914507386859
0.02,0.03,1.2947271675944,0.09,0.17,1.4816045409242156,1.3803767565649494,1.9347435869662535
0.95,0.03,0.1823215567939546,0.19,0.37,0.7747271675523681,5.352872891634293,2.844084071657497
0.07,0.22,1.0681530811834012,0.5,0.09,-1.6607312068216509,0.8239320963651843,-1.3722684951862993
0.58,0.34,1.3962446919730587,0.18,0.17,1.4182774069729414,5.710150583284297,2.9471138579524845
0.6,0.02,0.5364933705145685,0.39,0.33,1.366091653802371,1.4864371179579072,2.9041808496490837
0.0,0.67,-0.2484613592984996,0.25,0.23,1.1410330045520618,0.9513234771223642,1.7907303102159342
0.45,0.32,1.3737155789130306,0.61,0.23,-1.7147984280919266,2.2296091934486615,-0.4606995750194952
0.45,0.41,1.3270750014599193,0.34,0.3,-1.3093333199837622,1.596642682110483,-1.0949596177805765
0.46,0.19,0.5933268452777344,0.61,0.05,-3.506557897319982,-0.2581589652702158,-3.856874412564785
0.3,0.06,1.3190856114264407,0.99,0.0,1.534714366238164,2.2028850042911903,3.715570520486442
0.54,0.3,1.0508216248317612,0.22,0.6,-0.11653381625595151,3.26582269890818,1.5048640339462098
0.09,0.78,1.000631880307906,0.12,0.01,0.7793248768009977,1.980054089692077,1.0272033927345223
0.69,0.06,1.449269160281279,0.54,0.24,0.9082585601768908,5.6886808867314596,5.23703447237414
0.13,0.11,1.5748464676644813,0.08,0.27,0.10436001532424286,1.853927786612336,0.34612377450360143
0.51,0.14,0.8878912573524571,0.7,0.16,1.3787660946990992,2.993798555600981,4.13622012070082
0.43,0.42,0.9516578757114463,0.54,0.13,1.4996230464268938,5.417257073932092,5.086140053101554
0.08,0.58,1.085189268335969,0.52,0.21,1.252762968495368,3.725074542020275,4.037723568123506
0.22,0.36,-2.5257286443082556,0.09,0.61,1.3887912413184778,-1.784661153582665,3.1491525700595413
0.38,0.31,0.43178241642553783,0.95,0.04,1.472472057360943,2.89649754669896,4.400150716985952
0.2,0.03,-1.8325814637483102,0.37,0.38,1.252762968495368,-2.2656554752973235,0.6685159740065335
0.55,0.13,-0.2484613592984996,0.89,0.08,1.55814461804655,-0.08727344496680993,1.6092067789677709
0.7,0.24,1.5432981099295553,0.29,0.1,-0.4307829160924542,6.415071387749699,1.5884308688867295
0.3,0.01,1.235471471385307,0.06,0.69,0.12221763272424911,1.7754985761928495,0.7378160919812549
0.91,0.05,0.3220834991691132,0.34,0.34,1.5518087995974639,6.843525807145763,5.876678118265948
0.58,0.28,0.5423242908253617,0.35,0.05,-0.2744368457017603,1.4563304457678397,0.24766159409312605
0.58,0.04,1.0296194171811581,0.38,0.18,0.10436001532424286,2.577338220155144,1.3216439420901127
0.04,0.61,1.091923300517313,0.01,0.02,0.35065687161316933,1.3736871866168396,0.3718303497069645
0.5,0.17,1.205970806988609,0.09,0.43,1.2892326482767593,3.3614094215014987,2.7925598750056992
0.63,0.01,0.8878912573524571,0.88,0.1,0.5247285289349821,2.481024538279769,3.0089221053080917
0.2,0.53,1.2119409739751128,0.18,0.48,1.2499017362143359,4.031992731735198,3.7993464784270152
0.48,0.49,0.7178397931503168,0.09,0.01,-0.916290731874155,0.5559747821289301,-0.875002999029765
0.14,0.35,0.9707789171582248,0.05,0.67,1.0402767116551463,2.570233449785232,3.5417791064808055
0.22,0.06,0.3920420877760237,0.18,0.02,0.3148107398400336,0.5348805357979406,0.4194787432608787
0.65,0.11,1.2781522025001875,0.54,0.08,1.5260563034950492,5.117159150233604,4.662306769598995
0.39,0.31,0.06765864847381486,0.19,0.45,1.4838746894587547,1.7975860241692008,3.318936744709122
0.32,0.2,1.5216989981260935,0.78,0.04,1.1019400787607843,3.3840951375726287,3.8974315042490906
0.03,0.02,1.5665304114228238,0.25,0.03,-2.5257286443082556,1.569633629157934,-2.1992991040814345
0.2,0.25,0.7371640659767196,0.29,0.65,1.2178757094949273,2.7107289668947496,5.725676864973431
0.35,0.31,0.6418538861723947,0.13,0.75,1.0188473201992472,3.897758400187232,6.102223124232778
0.31,0.46,1.0402767116551463,0.95,0.04,-0.020202707317519466,4.3894052236152845,4.3226377404048195
0.29,0.22,1.556037135706985,0.62,0.03,1.4906543764441336,3.3266326953949577,3.6630583636298084
0.71,0.07,0.41871033485818504,0.7,0.12,0.9932517730102834,2.124104027614619,2.8183229914732113
0.51,0.43,-0.6539264674066639,0.31,0.31,0.598836501088704,-0.9456242191013878,0.4430521831555959
0.23,0.05,1.1346227261911428,0.72,0.14,0.8544153281560676,1.6264704588574317,2.3552019695721955
0.05,0.75,1.2919836816486494,0.09,0.25,0.8372475245337022,2.475848217133587,1.4134313075264306
0.43,0.49,-0.2613647641344075,0.96,0.01,0.12221763272424911,-2.1142252871585683,-1.9267020152058276
0.37,0.4,0.3852624007906449,0.68,0.27,1.3686394258811698,4.410309802267961,5.983082254817548
0.31,0.5,-0.9675840262617056,0.54,0.28,1.2947271675944,-0.21740988407178974,1.6351687858625816
0.62,0.28,0.29266961396282004,0.2,0.5,1.4350845252893227,4.0907323433623555,4.50646157952749
0.74,0.08,1.1755733298042381,0.6,0.3,0.7227059828014898,6.57252071518287,6.666026279687319
0.83,0.11,0.2700271372130602,0.42,0.41,1.4134230285081433,5.818715003782753,6.537768298507863
0.94,0.05,0.11332868530700327,0.26,0.19,1.4929040961781488,4.675303282721495,3.3438060477846543
0.7,0.05,1.4883995840570443,0.6,0.3,1.3609765531356006,6.166269497009213,7.229626051888078
0.37,0.19,0.8919980393051105,0.76,0.13,0.12221763272424911,1.9798304018800605,1.86998644270072
0.33,0.45,1.1537315878891892,0.2,0.51,1.091923300517313,4.434299890364167,4.038332746251349
0.33,0.46,-0.13926206733350766,0.39,0.03,-0.3011050927839216,-0.581401374209182,-0.5441758535880916
0.75,0.16,-0.1743533871447778,0.48,0.01,1.1118575154181303,0.03081726310962026,1.138029942130832
0.0,0.19,-0.1743533871447778,0.83,0.06,-0.4780358009429998,-0.32558659151314645,-0.7960305259099753
0.09,0.82,0.6729444732424258,0.3,0.46,0.9858167945227654,4.774896052233542,4.47830639958789
0.34,0.38,0.2700271372130602,0.29,0.23,1.0508216248317612,1.5257019795900801,1.9393171950507488
0.33,0.15,0.8020015854720274,0.78,0.01,1.3837912309017721,1.8333309080096465,2.842211425177332
0.55,0.04,0.8796267475025636,0.56,0.3,1.5303947050936475,2.313582208837249,4.037143515416538
0.23,0.42,0.4382549309311553,0.46,0.02,1.410986973710262,1.8206299185412576,2.2943639538979466
0.24,0.22,0.20701416938432612,0.23,0.43,0.6151856390902335,0.6621421973641732,1.346445574953094
0.02,0.26,0.7608058290337602,0.74,0.15,1.3001916620664788,1.5372059035931067,2.8679101819902932
0.13,0.76,0.5877866649021191,0.57,0.11,1.1817271953786161,4.166643881831865,3.9963080227564705
0.4,0.05,-0.9675840262617056,0.98,0.0,-0.6348782724359695,-1.8133805663239666,-2.411991227433457
0.05,0.82,0.28517894223366247,0.4,0.01,0.058268908123975824,0.5389322874929234,0.2766077772276433
0.32,0.43,0.6575200029167941,0.5,0.28,1.3190856114264407,3.7895875153286425,4.4637210782869925
0.14,0.23,-0.4780358009429998,0.65,0.05,-0.9942522733438669,-1.0228814843197318,-1.7464425646708055
0.49,0.22,1.5496879080283263,0.76,0.03,1.601405740736836,5.665668579375789,6.090014286954276
0.32,0.13,-0.4942963218147801,1.0,0.0,1.332366019094335,-0.5837672320924603,0.7485987870018747
0.72,0.02,0.5007752879124892,0.45,0.26,-1.0216512475319814,1.766569050119777,-0.3063478325759746
0.01,0.29,-0.7765287894989963,0.38,0.23,1.6034198401085373,-0.2038620055763334,1.9817531853499335
0.61,0.01,0.8415671856782185,0.75,0.24,0.47000362924573563,2.2301488454663536,2.819229721583641
0.07,0.26,0.16551443847757333,0.57,0.39,1.4134230285081433,1.1177598312034194,3.361549567298685
0.91,0.04,0.4637340162321402,0.15,0.47,-1.3470736479666092,4.601813293354571,-1.2392486606048692
0.0,0.02,1.1410330045520618,0.39,0.24,0.2468600779315258,1.1594284609050456,0.9197826539202986
0.84,0.04,0.7466879474879751,0.72,0.22,1.534714366238164,6.706303721570349,8.158016718931167
0.6,0.23,0.7701082216960737,0.66,0.0,0.08617769624105241,3.1826227822951116,2.186708732555826
0.62,0.12,-0.2613647641344075,0.17,0.55,1.3217558399823195,0.27221040908789984,3.040066083728727
0.76,0.01,1.33500106673234,0.25,0.37,-0.18632957819149348,5.643491785576535,1.9437195451846296
0.0,0.87,-0.4155154439616658,0.3,0.3,0.4637340162321402,0.2564279141701615,0.7723669967355428
0.28,0.34,1.5432981099295553,0.15,0.12,1.0367368849500223,2.936133768736972,1.678587315342998
0.5,0.09,1.3686394258811698,0.08,0.59,1.0577902941478545,3.3182148881912097,3.227430542505519
0.02,0.29,-1.1394342831883648,0.06,0.45,1.2781522025001875,-0.4908485889409403,2.2703607254012166
0.07,0.0,0.41871033485818504,0.98,0.02,1.3428648031925547,0.45022611354551917,1.8204963011035413
0.29,0.03,0.9969486348916096,0.5,0.0,0.8458682675776092,1.4709674646382003,1.5813519998967094
0.3,0.58,1.169381359556317,0.42,0.51,0.0769610411361284,6.2136235423387545,5.483026256808993
0.77,0.2,-0.7765287894989963,0.06,0.65,1.5810384379124025,0.6484921832567454,4.6284213304035084
0.16,0.34,0.8241754429663494,0.93,0.02,0.7030975114131134,2.06458271525053,2.67669323547732
0.67,0.05,-0.18632957819149348,0.87,0.01,1.0681530811834012,-0.46269234060275066,0.6723343900739812
0.67,0.19,-0.15082288973458366,0.51,0.36,0.8754687373538999,0.6107227157933742,1.8545838562080723
0.21,0.4,1.244154593958768,0.88,0.0,1.1537315878891892,3.8941709310850277,4.580602007244013
0.01,0.53,0.0,0.6,0.09,0.9360933591703348,0.8511304650761836,1.589857933381773
0.06,0.17,0.3576744442718159,0.53,0.19,-1.2729656758128873,0.10922937765761673,-1.5000759188100155
0.34,0.19,0.23111172096338664,0.2,0.64,-0.4620354595965587,-0.022851175961254626,-1.2959478656333303
0.15,0.35,1.589235205116581,0.97,0.01,1.6074359097634274,4.254871223268576,5.792586863622156
0.44,0.02,0.7371640659767196,0.27,0.24,-0.08338160893905101,1.3293038275492794,0.3625381437544342
0.17,0.07,1.5871923034867805,0.16,0.3,1.3787660946990992,2.1192487697544293,2.4540645678097492
0.39,0.29,0.4054651081081644,0.96,0.03,-0.31471074483970024,0.9640063817224342,0.6296235555374633
0.44,0.02,-0.08338160893905101,0.06,0.62,0.4252677354043441,-0.10954832201414932,1.1017956485215643
0.51,0.09,1.275362800412609,0.22,0.52,1.3837912309017721,3.42021875882118,4.450497752735712
0.22,0.47,0.4382549309311553,0.48,0.28,0.412109650826833,1.5155653694149995,1.5827483763330472
0.52,0.33,0.412109650826833,0.98,0.01,1.3506671834767394,5.6239042534039045,6.931407425369063
0.69,0.12,0.9820784724121582,0.9,0.06,1.3635373739972745,5.925726286627679,7.124139391813376
0.68,0.02,1.5871923034867805,0.55,0.36,1.5973653311998313,5.406348596451292,7.141964123384311
0.2,0.48,1.1817271953786161,0.15,0.26,0.8671004876833833,2.48208486127049,1.6748817812083345
0.17,0.82,0.45107561936021673,0.33,0.46,-0.5108256237659907,-0.986314273796695,-1.5486059763228817
0.07,0.09,-0.616186139423817,0.91,0.04,1.3737155789130306,-0.5770200670588264,0.8839864266295174
0.68,0.08,0.62057648772511,0.77,0.22,1.308332819650179,3.1314676897130616,4.768670258873567
0.43,0.28,0.43178241642553783,0.25,0.51,1.235471471385307,2.6636630412348015,3.8803806139116035
0.81,0.02,0.8878912573524571,0.56,0.2,1.2584609896100056,5.223594057101536,5.229592026112409
0.43,0.34,1.4906543764441336,0.26,0.29,1.3762440252663892,4.82544203474907,3.705435034703607
0.6,0.06,0.6981347220709843,0.63,0.15,-0.09431067947124129,1.9449070491144511,1.3305643184782547
0.87,0.07,-0.342490308946776,0.19,0.26,1.2892326482767593,-1.9678540019129238,1.2369552206533159
0.39,0.01,1.4422019930581866,0.52,0.34,0.009950330853168092,2.3954508216132453,1.9023978633540557
0.39,0.31,-1.7147984280919266,0.0,0.32,1.1216775615991057,-1.973004312344517,1.649519882837922
0.33,0.53,0.5128236264286637,0.23,0.46,-1.3470736479666092,-1.8208123913230638,-3.2698841980236177
0.22,0.22,0.6471032420585384,0.61,0.29,1.2325602611778486,1.7411951168900837,3.2319554042304626
0.92,0.03,-0.01005033585350145,0.89,0.03,0.9858167945227654,0.38915667096556206,1.3733667052360001
0.04,0.82,-0.8915981192837836,0.93,0.05,1.358409157630355,1.7863108880104566,3.1786085692893247
0.59,0.27,1.2919836816486494,0.1,0.12,-2.4079456086518722,1.4583252996629534,-2.570583314377776
0.59,0.17,1.0152306797290584,0.68,0.21,1.5539252025038417,5.118576346723885,6.372857084348834
0.57,0.11,0.7839015438284094,0.6,0.08,0.9516578757114463,2.5056707743236895,2.668543580092001
0.09,0.78,0.3852624007906449,0.3,0.54,0.9242589015233319,4.865343526272344,5.182308276530348
0.09,0.5,1.3987168811184478,0.65,0.06,1.4445632692438664,3.840639576853667,4.192530816655421
0.69,0.18,0.3920420877760237,0.73,0.14,-0.2231435513142097,2.196636198736433,1.6051163200938052
0.26,0.71,0.494696241836107,0.43,0.31,0.5538851132264376,3.578167266510634,3.032603888726854
0.27,0.05,0.8628899551470398,0.49,0.2,1.4678743481123135,1.3649779015613053,2.670891293643934
0.2,0.18,0.7929925155296614,0.8,0.19,0.5596157879354227,1.4743108082729088,2.146991444624127
0.55,0.2,1.1314021114911006,0.52,0.04,1.3912819026309295,4.159761911753744,3.7024563327011557
0.65,0.29,0.5187937934151675,0.73,0.12,0.2151113796169455,5.388583593065618,4.714519742078757
0.11,0.65,0.9745596399981308,0.83,0.11,0.8796267475025636,5.6972105819528105,6.301473617866201
